date,symbol,corr_symbol,direction,entry,entry_time,sl,tp1,tp2,sl_pips,pip_value_per_lot,pnl_pips,outcome,exit_time,exit_price,month,lot_size,pnl_dollar,balance,drawdown_pct
2023-01-02,EURUSD,,bullish,1.06596,2023-01-02 19:35:00+00:00,1.06487,1.0679899999999998,1.07043,10.9,8.549566109519942,6.4,EOD,2023-01-02 23:55:00+00:00,1.06665,2023-01,0.11,6.018894541102039,506.01889454110204,0.0
2023-01-04,EURJPY,,bearish,138.467,2023-01-04 13:10:00+00:00,138.648,138.12000000000003,137.869,18.1,5.3393418727207695,-19.1,SL_INIT,2023-01-04 14:10:00+00:00,138.648,2023-01,0.1,-10.198142976896671,495.82075156420535,2.0153680202288045
2023-01-09,AUDUSD,,bearish,0.69287,2023-01-09 19:25:00+00:00,0.69512,0.68852,0.68746,22.5,8.549566109519942,15.4,EOD,2023-01-09 23:55:00+00:00,0.69125,2023-01,0.05,6.583165904330356,502.4039174685357,0.7143956701151774
2023-01-09,AUS200,,bearish,7172.6,2023-01-09 19:50:00+00:00,7186.620000000001,7144.575,7136.6,1402.0,0.006098899758483569,3299.0,EOD,2023-01-09 22:55:00+00:00,7139.6,2023-01,1.17,23.540716254787633,525.9446337233234,0.0
2023-01-09,US30,,bearish,33764.5,2023-01-09 12:50:00+00:00,33792.02,33709.475,33669.5,2752.0,0.008549566109519941,-2754.5,SL_INIT,2023-01-09 14:30:00+00:00,33792.02,2023-01,0.43,-10.126405334929252,515.8182283883941,1.925374780086892
2023-01-16,EURJPY,,bearish,139.182,2023-01-16 20:00:00+00:00,139.306,138.94899999999993,138.226,12.4,5.3393418727207695,4.5,EOD,2023-01-16 23:55:00+00:00,139.127,2023-01,0.15,3.604055764086519,519.4222841524806,1.2401209466990866
2023-01-17,EURJPY,,bearish,139.38,2023-01-17 13:30:00+00:00,139.60500000000002,138.94499999999994,138.814,22.5,5.3393418727207695,-23.5,SL_INIT,2023-01-17 16:20:00+00:00,139.60500000000002,2023-01,0.08,-10.037962720715047,509.3843214317656,3.1486797715421524
2023-01-20,AUDUSD,,bearish,0.69499,2023-01-20 18:15:00+00:00,0.69677,0.69158,0.69059,17.8,8.549566109519942,-18.6,SL_INIT,2023-01-20 20:55:00+00:00,0.69677,2023-01,0.07,-11.131535074594966,498.25278635717063,5.2651639717499625
2023-01-25,EURUSD,,bullish,1.08713,2023-01-25 16:00:00+00:00,1.08547,1.0902999999999996,1.09107,16.6,8.549566109519942,38.9,TRAIL,2023-01-25 17:10:00+00:00,1.09107,2023-01,0.07,23.280468516222804,521.5332548733934,0.8387534670142882
2023-01-27,US30,,bearish,33989.6,2023-01-27 15:55:00+00:00,34012.119999999995,33944.575,33921.1,2252.0,0.008549566109519941,-2254.5,SL_INIT,2023-01-27 16:30:00+00:00,34012.119999999995,2023-01,0.52,-10.022998332834609,511.51025654055877,2.7444670517083156
2023-02-02,EURUSD,,bullish,1.09889,2023-02-02 14:50:00+00:00,1.0978,1.1009199999999992,1.10324,10.9,8.549566109519942,-11.4,SL_INIT,2023-02-02 15:15:00+00:00,1.0978,2023-02,0.11,-10.721155901338008,500.78910063922075,4.782924184627359
2023-02-02,AUDUSD,,bullish,0.71238,2023-02-02 13:25:00+00:00,0.7113200000000001,0.7143499999999999,0.71571,10.6,8.549566109519942,-0.3,BE,2023-02-02 16:30:00+00:00,0.71243,2023-02,0.11,-0.2821356816141581,500.5069649576066,4.836567793388383
2023-02-03,CN50,,bullish,13640.5,2023-02-03 18:30:00+00:00,13592.98,13735.525000000003,13813.5,4752.0,0.008549566109519941,-4753.0,SL_INIT,2023-02-03 20:30:00+00:00,13592.98,2023-02,0.25,-10.15902192963707,490.34794302796956,6.768144099760827
2023-02-08,EURJPY,,bearish,140.847,2023-02-08 21:15:00+00:00,141.044,140.468,140.285,19.7,5.339370381444619,3.8,EOD,2023-02-08 23:55:00+00:00,140.799,2023-02,0.1,2.028960744948955,492.3769037729185,6.382369511552686
2023-02-10,AUDUSD,,bullish,0.69166,2023-02-10 22:35:00+00:00,0.69065,0.6935300000000002,0.69595,10.1,8.549566109519942,0.4,EOD,2023-02-10 23:55:00+00:00,0.69178,2023-02,0.12,0.4103791732569573,492.7872829461755,6.304342444263919
2023-02-16,EURJPY,,bearish,143.331,2023-02-16 16:10:00+00:00,143.441,143.12599999999995,143.043,11.0,5.339370381444619,27.8,TRAIL,2023-02-16 20:45:00+00:00,143.043,2023-02,0.17,25.23386442270727,518.0211473688828,1.506524802496373
2023-02-22,FRA40,,bullish,7247.2,2023-02-22 13:00:00+00:00,7232.98,7275.625,7298.6,1422.0,0.01,-1423.0,SL_INIT,2023-02-22 13:45:00+00:00,7232.98,2023-02,0.7,-9.960999999999999,508.0601473688828,3.4004503911050135
2023-02-28,AUS200,,bullish,7234.0,2023-02-28 19:50:00+00:00,7215.98,7270.025000000001,7274.0,1802.0,0.006098899758483569,-301.0,EOD,2023-02-28 22:55:00+00:00,7231.0,2023-02,0.91,-1.6705496328462344,506.38959773603654,3.7180788116138257
2023-03-02,AUDUSD,,bullish,0.67285,2023-03-02 13:35:00+00:00,0.67201,0.6743799999999999,0.67654,8.4,8.549566109519942,-9.2,SL_INIT,2023-03-02 14:50:00+00:00,0.67201,2023-03,0.14,-11.011841149061686,495.37775658697484,5.811805117195744
2023-03-08,FRA40,,bearish,7333.1,2023-03-08 14:15:00+00:00,7342.820000000001,7313.675,7300.3,972.0,0.01,-973.0,SL_INIT,2023-03-08 15:25:00+00:00,7342.820000000001,2023-03,1.03,-10.0219,485.3558565869748,7.717309871384777
2023-03-13,US30,,bullish,31855.05,2023-03-13 13:20:00+00:00,31726.03,32113.074999999997,32368.05,12902.0,0.008549566109519941,-12904.5,SL_INIT,2023-03-13 15:10:00+00:00,31726.03,2023-03,0.09,-9.929508827427007,475.4263477595478,9.60524791481208
2023-03-13,JPN225,,bullish,27486.0,2023-03-13 13:55:00+00:00,27378.98,27700.024999999998,27975.0,10702.0,0.005339370381444619,-10703.0,SL_INIT,2023-03-13 15:05:00+00:00,27378.98,2023-03,0.18,-10.286510614668316,465.1398371448795,11.56106416525026
2023-03-13,EURUSD,,bullish,1.06765,2023-03-13 13:10:00+00:00,1.066,1.0707999999999995,1.07366,16.5,8.549566109519942,-17.0,SL_INIT,2023-03-13 13:25:00+00:00,1.066,2023-03,0.07,-10.173983670328733,454.9658534745508,13.49548520845094
2023-03-14,AUS200,,bearish,7021.0,2023-03-14 20:45:00+00:00,7055.02,6952.974999999999,6949.3,3402.0,0.006098899758483569,-2751.0,EOD,2023-03-14 22:55:00+00:00,7048.5,2023-03,0.48,-8.053475153082383,446.9123783214684,15.026725311818737
2023-03-17,EURUSD,,bearish,1.06641,2023-03-17 23:45:00+00:00,1.06867,1.0620400000000005,1.06083,22.6,8.549493015064208,-0.8,EOD,2023-03-17 23:55:00+00:00,1.06644,2023-03,0.05,-0.3419797206025683,446.5703986008658,15.09174731198282
2023-03-20,AUDUSD,,bullish,0.66778,2023-03-20 13:05:00+00:00,0.66633,0.6705300000000002,0.67293,14.5,8.549493015064208,38.7,EOD,2023-03-20 23:55:00+00:00,0.67173,2023-03,0.08,26.46923037463879,473.0396289755046,10.059044499282745
2023-03-23,AUS200,,bullish,6952.6,2023-03-23 14:45:00+00:00,6939.08,6979.625000000001,6980.1,1352.0,0.006098899758483569,2998.0,TRAIL,2023-03-23 17:15:00+00:00,6982.59,2023-03,1.21,22.124246785879823,495.1638757613845,5.8524711515796755
2023-03-24,CN50,,bullish,13059.0,2023-03-24 16:15:00+00:00,13025.98,13125.025000000003,13151.0,3302.0,0.008549493015064207,4699.0,EOD,2023-03-24 23:40:00+00:00,13106.0,2023-03,0.35,14.060923687225346,509.2247994486098,3.179010337333174
2023-03-27,EURJPY,,bearish,141.472,2023-03-27 13:25:00+00:00,141.607,141.217,140.561,13.5,5.3393418727207695,-14.5,SL_INIT,2023-03-27 13:45:00+00:00,141.607,2023-03,0.14,-10.838864001623163,498.38593544698665,5.239847791817978
2023-04-03,CN50,,bearish,13243.5,2023-04-03 21:55:00+00:00,13252.02,13226.474999999997,13128.0,852.0,0.008549493015064207,599.0,EOD,2023-04-03 23:40:00+00:00,13237.5,2023-04,1.37,7.015970452952141,505.4019058999388,3.9058726919516764
2023-04-04,JPN225,,bearish,28282.0,2023-04-04 16:00:00+00:00,28306.52,28232.975000000002,28127.5,2452.0,0.005339313364301351,15449.0,TRAIL,2023-04-04 17:25:00+00:00,28127.5,2023-04,0.76,62.690159645469606,568.0920655454084,0.0
2023-04-05,AUS200,,bullish,7227.5,2023-04-05 19:20:00+00:00,7211.48,7259.525000000001,7262.5,1602.0,0.006098899758483569,849.0,EOD,2023-04-05 23:55:00+00:00,7236.0,2023-04,1.13,5.851101461296381,573.9431670067048,0.0
2023-04-07,EURJPY,,bullish,143.645,2023-04-07 13:50:00+00:00,143.57,143.78000000000006,144.01,7.5,5.3393133643013515,-8.5,SL_INIT,2023-04-07 15:25:00+00:00,143.57,2023-04,0.27,-12.253724171071603,561.6894428356333,2.1350065434141507
2023-04-14,CN50,,bullish,13056.0,2023-04-14 22:10:00+00:00,13034.48,13099.025000000003,13191.5,2152.0,0.008549493015064207,1349.0,EOD,2023-04-14 23:40:00+00:00,13069.5,2023-04,0.6,6.919959646392969,568.6094024820262,0.9293192830390975
2023-04-25,EURJPY,,bullish,147.906,2023-04-25 15:30:00+00:00,147.59199999999998,148.51900000000006,148.618,31.4,5.3393133643013515,-32.4,SL_INIT,2023-04-25 15:50:00+00:00,147.59199999999998,2023-04,0.07,-12.109562710235465,556.4998397717908,3.0392081024130824
2023-04-26,FRA40,,bullish,7443.6,2023-04-26 21:15:00+00:00,7428.73,7473.325000000002,7504.0,1487.0,0.01,-1488.0,SL_INIT,2023-04-26 21:55:00+00:00,7428.73,2023-04,0.74,-11.0112,545.4886397717908,4.957725585150428
2023-04-27,EURUSD,,bullish,1.10383,2023-04-27 13:35:00+00:00,1.10314,1.10506,1.10628,6.9,8.549493015064208,-7.4,SL_INIT,2023-04-27 14:50:00+00:00,1.10314,2023-04,0.17,-10.755262212950775,534.73337755884,6.831650188006649
2023-05-02,EURUSD,,bullish,1.09606,2023-05-02 17:15:00+00:00,1.09455,1.09893,1.1006,15.1,8.549493015064208,44.9,TRAIL,2023-05-02 22:55:00+00:00,1.1006,2023-05,0.08,30.709778910110632,565.4431564689506,1.4809847083090861
2023-05-08,EURUSD,,bullish,1.102,2023-05-08 18:40:00+00:00,1.10091,1.1040299999999998,1.1053,10.9,8.549493015064208,-11.4,SL_INIT,2023-05-08 21:00:00+00:00,1.10091,2023-05,0.12,-11.695706444607836,553.7474500243428,3.518765993450023
2023-05-08,EURJPY,,bullish,148.7,2023-05-08 22:30:00+00:00,148.428,149.22899999999998,149.263,27.2,5.3393133643013515,-3.2,EOD,2023-05-08 23:55:00+00:00,148.678,2023-05,0.08,-1.366864221261146,552.3805858030817,3.7569192287938256
2023-05-11,CN50,,bullish,13144.5,2023-05-11 18:35:00+00:00,13121.48,13190.525000000003,13253.5,2302.0,0.008549493015064207,3299.0,EOD,2023-05-11 23:40:00+00:00,13177.5,2023-05,0.56,15.79467537575022,568.1752611788319,1.0049611458839018
2023-05-16,JPN225,,bearish,29909.5,2023-05-16 22:35:00+00:00,29975.27,29777.975000000002,29769.0,6577.0,0.005339313364301351,3449.0,EOD,2023-05-16 23:55:00+00:00,29875.0,2023-05,0.31,5.708740455977361,573.8840016348092,0.010308576754060886
2023-05-23,EURUSD,,bullish,1.07791,2023-05-23 18:05:00+00:00,1.07605,1.0814799999999996,1.082,18.6,8.549493015064208,-19.1,SL_INIT,2023-05-23 19:10:00+00:00,1.07605,2023-05,0.07,-11.430672161140848,562.4533294736684,2.0019120696147548
2023-05-24,US30,,bullish,32993.55,2023-05-24 14:45:00+00:00,32954.530000000006,33071.575000000004,33160.05,3902.0,0.008549493015064207,-3904.5,SL_INIT,2023-05-24 16:35:00+00:00,32954.530000000006,2023-05,0.33,-11.015893507515004,551.4374359661534,3.921247317556874
2023-05-24,FRA40,,bullish,7252.5,2023-05-24 14:45:00+00:00,7243.179999999999,7271.125000000001,7343.9,932.0,0.01,-933.0,SL_INIT,2023-05-24 16:00:00+00:00,7243.179999999999,2023-05,1.18,-11.0094,540.4280359661534,5.839451180391853
2023-05-24,AUDUSD,,bullish,0.65736,2023-05-24 16:15:00+00:00,0.6558200000000001,0.66029,0.66146,15.4,8.549493015064208,-16.2,SL_INIT,2023-05-24 16:40:00+00:00,0.6558200000000001,2023-05,0.08,-11.080142947523212,529.3478930186302,7.769980818946425
2023-05-30,EURUSD,,bearish,1.07318,2023-05-30 16:35:00+00:00,1.0748,1.0700900000000004,1.06719,16.2,8.549493015064208,-2.1,EOD,2023-05-30 23:55:00+00:00,1.07334,2023-05,0.07,-1.2567754732144387,528.0911175454157,7.988952930726927
2023-05-30,JPN225,,bearish,31377.5,2023-05-30 13:20:00+00:00,31439.02,31254.475000000002,31054.0,6152.0,0.005339341872720769,25349.0,EOD,2023-05-30 23:55:00+00:00,31124.0,2023-05,0.3,40.60409313947963,568.6952106848953,0.9143686384802285
2023-06-01,EURUSD,,bearish,1.07043,2023-06-01 16:20:00+00:00,1.07168,1.0680800000000004,1.06613,12.5,8.549493015064208,-13.0,SL_INIT,2023-06-01 16:30:00+00:00,1.07168,2023-06,0.1,-11.114340919583471,557.5808697653118,2.8508567018451556
2023-06-08,EURJPY,,bearish,149.962,2023-06-08 15:00:00+00:00,150.054,149.79299999999995,149.582,9.2,5.3393418727207695,16.4,EOD,2023-06-08 23:55:00+00:00,149.788,2023-06,0.22,19.264345476776537,576.8452152420883,0.0
2023-06-14,EURJPY,,bearish,151.283,2023-06-14 21:00:00+00:00,151.389,151.08599999999993,150.916,10.6,5.3393418727207695,-11.6,SL_INIT,2023-06-14 21:00:00+00:00,151.389,2023-06,0.19,-11.767909487476574,565.0773057546118,2.04004630298231
2023-06-22,AUDUSD,,bullish,0.67571,2023-06-22 22:15:00+00:00,0.6750200000000001,0.67694,0.68056,6.9,8.549493015064208,-4.4,EOD,2023-06-22 23:55:00+00:00,0.67535,2023-06,0.19,-7.147376160593678,557.9299295940181,3.2790920594066066
2023-06-28,FRA40,,bearish,7277.05,2023-06-28 14:05:00+00:00,7283.320000000001,7264.525,7244.0,627.0,0.01,-0.5,BE,2023-06-28 16:55:00+00:00,7277.045,2023-06,1.75,-0.00875,557.9211795940181,3.2806089307906037
2023-06-29,US30,,bearish,33982.05,2023-06-29 16:45:00+00:00,34005.57,33935.025,33892.55,2352.0,0.008549493015064207,-2354.5,SL_INIT,2023-06-29 16:50:00+00:00,34005.57,2023-06,0.55,-11.071379717182772,546.8497998768353,5.19990711072548
2023-06-30,CN50,,bearish,12491.5,2023-06-30 20:30:00+00:00,12512.52,12449.474999999997,12353.0,2102.0,0.008549493015064207,649.0,EOD,2023-06-30 23:40:00+00:00,12485.0,2023-06,0.56,3.1072277413949356,549.9570276182302,4.661248271353658
2023-07-03,EURJPY,,bullish,157.4,2023-07-03 17:10:00+00:00,157.22899999999998,157.72700000000006,157.824,17.1,5.3393418727207695,41.4,TRAIL,2023-07-03 18:50:00+00:00,157.824,2023-07,0.11,24.315362888370384,574.2723905066006,0.44601648197913935
2023-07-05,FRA40,,bullish,7321.7,2023-07-05 13:25:00+00:00,7311.379999999999,7342.325000000001,7354.8,1032.0,0.01,-1033.0,SL_INIT,2023-07-05 15:50:00+00:00,7311.379999999999,2023-07,1.07,-11.0531,563.2192905066006,2.362145749925177
2023-07-06,EURUSD,,bearish,1.08802,2023-07-06 16:25:00+00:00,1.09021,1.0837900000000005,1.08333,21.9,8.549493015064208,-0.0,BE,2023-07-06 19:05:00+00:00,1.08797,2023-07,0.06,-0.0,563.2192905066006,2.362145749925177
2023-07-14,EURUSD,,bearish,1.12351,2023-07-14 19:00:00+00:00,1.12463,1.1214200000000003,1.12036,11.2,8.549493015064208,10.1,EOD,2023-07-14 23:55:00+00:00,1.12245,2023-07,0.11,9.498486739736334,572.7177772463369,0.7155191525718393
2023-07-17,EURJPY,,bullish,155.37,2023-07-17 14:40:00+00:00,155.069,155.95700000000005,155.978,30.1,5.3393418727207695,66.2,TRAIL,2023-07-17 16:00:00+00:00,156.042,2023-07,0.07,24.74251023818805,597.460287484525,0.0
2023-07-17,US30,,bullish,34467.05,2023-07-17 14:20:00+00:00,34440.530000000006,34520.075000000004,34525.55,2652.0,0.008549493015064207,-2654.5,SL_INIT,2023-07-17 14:50:00+00:00,34440.530000000006,2023-07,0.49,-11.120368312159089,586.3399191723659,1.8612732168323698
2023-07-19,CN50,,bearish,12553.5,2023-07-19 17:10:00+00:00,12588.52,12483.474999999997,12477.0,3502.0,0.008549493015064207,999.0,EOD,2023-07-19 23:40:00+00:00,12543.5,2023-07,0.37,3.160149103158183,589.5000682755241,1.33234281436774
2023-07-21,EURUSD,,bullish,1.11247,2023-07-21 15:40:00+00:00,1.11176,1.1137399999999997,1.11443,7.1,8.549493015064208,-0.0,BE,2023-07-21 16:40:00+00:00,1.11252,2023-07,0.18,-0.0,589.5000682755241,1.33234281436774
2023-07-24,AUDUSD,,bearish,0.67408,2023-07-24 13:05:00+00:00,0.67521,0.6719700000000001,0.67145,11.3,8.549493015064208,-12.1,SL_INIT,2023-07-24 14:15:00+00:00,0.67521,2023-07,0.11,-11.37937520305046,578.1206930724736,3.236967346143873
2023-07-24,JPN225,,bullish,32593.5,2023-07-24 17:25:00+00:00,32501.98,32776.524999999994,32834.0,9152.0,0.005339341872720769,15499.0,EOD,2023-07-24 23:55:00+00:00,32748.5,2023-07,0.23,19.033525727618816,597.1542188000924,0.05122828928450419
2023-07-25,EURJPY,,bullish,156.199,2023-07-25 13:25:00+00:00,156.064,156.45400000000006,156.884,13.5,5.3393418727207695,-0.5,BE,2023-07-25 14:50:00+00:00,156.204,2023-07,0.15,-0.4004506404540577,596.7537681596383,0.11825377178813726
2023-07-27,CN50,,bullish,12887.0,2023-07-27 19:20:00+00:00,12846.98,12967.025000000003,13046.5,4002.0,0.008549493015064207,-4003.0,SL_INIT,2023-07-27 21:25:00+00:00,12846.98,2023-07,0.32,-10.951558572576648,585.8022095870616,1.951272434616057
2023-07-28,EURJPY,,bearish,154.865,2023-07-28 18:10:00+00:00,155.07500000000002,154.45999999999998,151.391,21.0,5.3393418727207695,-22.0,SL_INIT,2023-07-28 18:40:00+00:00,155.07500000000002,2023-07,0.1,-11.746552119985694,574.0556574670759,3.9173532547224434
2023-08-01,AUS200,,bullish,7437.4,2023-08-01 13:15:00+00:00,7428.379999999999,7455.425,7481.7,902.0,0.006098899758483569,-903.0,SL_INIT,2023-08-01 15:50:00+00:00,7428.379999999999,2023-08,2.0,-11.014612963821326,563.0410445032545,5.7609256551904275
2023-08-01,JPN225,,bullish,33223.5,2023-08-01 19:15:00+00:00,33163.48,33343.525,33485.0,6002.0,0.005339341872720769,-1001.0,EOD,2023-08-01 23:55:00+00:00,33213.5,2023-08,0.34,-1.8171916129617864,561.2238528902927,6.065078358060884
2023-08-07,CN50,,bullish,13111.5,2023-08-07 18:00:00+00:00,13083.48,13167.525000000003,13262.5,2802.0,0.008549493015064207,2999.0,EOD,2023-08-07 23:40:00+00:00,13141.5,2023-08,0.46,11.794367594001676,573.0182204842944,4.090994416237867
2023-08-08,CN50,,bullish,13076.0,2023-08-08 18:00:00+00:00,13043.48,13141.025000000003,13261.0,3252.0,0.008549493015064207,2199.0,EOD,2023-08-08 23:40:00+00:00,13098.0,2023-08,0.4,7.520134056050477,580.5383545403448,2.832310916500619
2023-08-10,FRA40,,bearish,7433.9,2023-08-10 18:00:00+00:00,7463.92,7373.874999999999,7365.65,3002.0,0.01,3349.0,EOD,2023-08-10 22:55:00+00:00,7400.4,2023-08,0.37,12.391300000000001,592.9296545403448,0.7583153289159044
2023-08-15,US30,,bullish,35114.05,2023-08-15 14:35:00+00:00,35089.030000000006,35164.075000000004,35371.05,2502.0,0.008549493015064207,-2504.5,SL_INIT,2023-08-15 14:40:00+00:00,35089.030000000006,2023-08,0.51,-10.920224680676437,582.0094298596683,2.586089477161587
2023-08-17,CN50,,bearish,12692.5,2023-08-17 16:25:00+00:00,12715.52,12646.474999999997,12511.5,2302.0,0.008549493015064207,6899.0,EOD,2023-08-17 23:40:00+00:00,12623.5,2023-08,0.56,33.03045329411967,615.039883153788,0.0
2023-08-18,US30,,bullish,34424.05,2023-08-18 13:05:00+00:00,34390.030000000006,34492.075000000004,34530.05,3402.0,0.008549493015064207,-3404.5,SL_INIT,2023-08-18 14:20:00+00:00,34390.030000000006,2023-08,0.42,-12.224834567310157,602.8150485864778,1.9876490780766796
2023-08-23,AUDUSD,,bullish,0.64174,2023-08-23 14:10:00+00:00,0.6409,0.6432699999999999,0.64511,8.4,8.549493015064208,32.9,TRAIL,2023-08-23 17:00:00+00:00,0.64511,2023-08,0.15,42.19174802934186,645.0067966158197,0.0
2023-08-24,AUS200,,bullish,7162.5,2023-08-24 15:00:00+00:00,7157.48,7172.525000000001,7200.5,502.0,0.006098899758483569,-503.0,SL_INIT,2023-08-24 15:10:00+00:00,7157.48,2023-08,3.95,-12.11759898514308,632.8891976306766,1.8786777207187502
2023-09-01,AUS200,,bearish,7290.9,2023-09-01 13:30:00+00:00,7295.92,7280.874999999999,7269.9,502.0,0.006098899758483569,-0.5,BE,2023-09-01 15:35:00+00:00,7290.8949999999995,2023-09,3.95,-0.012045327023005049,632.8771523036536,1.8805451936021635
2023-09-05,EURJPY,,bearish,158.359,2023-09-05 23:20:00+00:00,158.51500000000001,158.06199999999998,157.796,15.6,5.3393418727207695,-2.1,EOD,2023-09-05 23:55:00+00:00,158.37,2023-09,0.15,-1.6818926899070423,631.1952596137465,2.1413010024915415
2023-09-05,AUS200,,bearish,7318.3,2023-09-05 14:10:00+00:00,7324.320000000001,7306.275,7271.3,602.0,0.006098899758483569,-603.0,SL_INIT,2023-09-05 14:35:00+00:00,7324.320000000001,2023-09,3.3,-12.136200629406455,619.0590589843401,4.0228626686758115
2023-09-06,CN50,,bearish,12794.5,2023-09-06 17:15:00+00:00,12833.52,12716.474999999997,12704.0,3902.0,0.008549493015064207,2399.0,EOD,2023-09-06 23:40:00+00:00,12770.5,2023-09,0.36,7.383684147530052,626.4427431318702,2.8781174991256138
2023-09-07,AUS200,,bullish,7160.0,2023-09-07 21:50:00+00:00,7145.98,7188.025000000001,7210.0,1402.0,0.006098899758483569,1099.0,EOD,2023-09-07 23:55:00+00:00,7171.0,2023-09,1.42,9.517820985094287,635.9605641169645,1.4025018877813908
2023-09-12,JPN225,,bearish,32798.5,2023-09-12 17:50:00+00:00,32853.52,32688.475,32486.0,5502.0,0.005339341872720769,-5503.0,SL_INIT,2023-09-12 20:15:00+00:00,32853.52,2023-09,0.41,-12.04678331348878,623.9137808034758,3.2702005502908436
2023-09-15,JPN225,,bullish,33378.5,2023-09-15 19:05:00+00:00,33345.98,33443.525,33661.0,3252.0,0.005339341872720769,-3253.0,SL_INIT,2023-09-15 20:00:00+00:00,33345.98,2023-09,0.7,-12.158215378372462,611.7555654251033,5.155175319884499
2023-09-20,CN50,,bearish,12562.5,2023-09-20 20:30:00+00:00,12587.52,12512.474999999997,12496.0,2502.0,0.008549493015064207,3249.0,EOD,2023-09-20 23:40:00+00:00,12530.0,2023-09,0.57,15.833062599387855,627.5886280244912,2.7004627986428997
2023-09-22,EURUSD,,bearish,1.06552,2023-09-22 18:10:00+00:00,1.06732,1.0620700000000003,1.06144,18.0,8.549493015064208,11.9,EOD,2023-09-22 23:55:00+00:00,1.0642800000000001,2023-09,0.08,8.139117350341126,635.7277453748324,1.4385974364412972
2023-09-29,FRA40,,bearish,7175.6,2023-09-29 12:40:00+00:00,7189.120000000001,7148.575,7116.45,1352.0,0.01,-1353.0,SL_INIT,2023-09-29 13:45:00+00:00,7189.120000000001,2023-09,0.89,-12.0417,623.6860453748324,3.305507996636882
2023-10-02,AUS200,,bullish,7011.7,2023-10-02 14:30:00+00:00,6999.679999999999,7035.725,7048.7,1202.0,0.006098899758483569,-1203.0,SL_INIT,2023-10-02 14:45:00+00:00,6999.679999999999,2023-10,1.65,-12.10601107560196,611.5800342992304,5.182389161163982
2023-10-03,AUDUSD,,bullish,0.63149,2023-10-03 16:50:00+00:00,0.62926,0.6357999999999999,0.63666,22.3,8.549493015064208,-23.1,SL_INIT,2023-10-03 17:00:00+00:00,0.62926,2023-10,0.06,-11.849597318878994,599.7304369803514,7.019516673781009
2023-10-09,EURJPY,,bullish,157.028,2023-10-09 15:00:00+00:00,156.867,157.335,157.697,16.1,5.3393418727207695,-17.1,SL_INIT,2023-10-09 17:10:00+00:00,156.867,2023-10,0.13,-11.869356983058273,587.8610799972931,8.859707667943194
2023-10-12,EURUSD,,bullish,1.06207,2023-10-12 13:35:00+00:00,1.06135,1.0633599999999999,1.06392,7.2,8.549493015064208,-7.7,SL_INIT,2023-10-12 14:05:00+00:00,1.06135,2023-10,0.18,-11.849597318878992,576.0114826784142,10.696835180560221
2023-10-18,EURUSD,,bullish,1.05643,2023-10-18 15:10:00+00:00,1.05495,1.0592399999999995,1.05936,14.8,8.549493015064208,-15.3,SL_INIT,2023-10-18 15:45:00+00:00,1.05495,2023-10,0.09,-11.772651881743414,564.2388307966708,12.52203329374467
2023-10-20,JPN225,,bullish,31144.5,2023-10-20 21:35:00+00:00,31044.48,31344.524999999998,31427.0,10002.0,0.005339341872720769,-10003.0,SL_INIT,2023-10-20 23:00:00+00:00,31044.48,2023-10,0.21,-11.21598171809343,553.0228490785773,14.260926864624965
2023-10-23,FRA40,,bullish,6788.35,2023-10-23 13:10:00+00:00,6771.83,6821.375000000001,6846.35,1652.0,0.01,5799.0,TRAIL,2023-10-23 17:55:00+00:00,6846.35,2023-10,0.67,38.853300000000004,591.8761490785773,8.237222896875632
2023-10-24,AUS200,,bearish,6864.7,2023-10-24 19:05:00+00:00,6881.22,6831.674999999999,6831.2,1652.0,0.006098899758483569,-1101.0,EOD,2023-10-24 22:55:00+00:00,6875.7,2023-10,1.09,-7.319228611158548,584.5569204674188,9.371975065311783
2023-10-24,JPN225,,bearish,31139.5,2023-10-24 20:35:00+00:00,31274.52,30869.475000000002,30542.0,13502.0,0.005339341872720769,-13503.0,SL_INIT,2023-10-24 23:00:00+00:00,31274.52,2023-10,0.15,-10.814569996102282,573.7423504713165,11.048634916470474
2023-10-25,EURJPY,,bullish,158.554,2023-10-25 15:15:00+00:00,158.38,158.88700000000003,158.934,17.4,5.3393418727207695,14.0,EOD,2023-10-25 23:55:00+00:00,158.704,2023-10,0.12,8.970094346170892,582.7124448174874,9.657937269060465
2023-10-25,AUS200,,bullish,6839.0,2023-10-25 20:00:00+00:00,6818.98,6879.025000000001,6895.5,2002.0,0.006098899758483569,-941.0,EOD,2023-10-25 22:55:00+00:00,6829.6,2023-10,0.9,-5.1651582054597345,577.5472866120276,10.458728552588017
2023-10-26,FRA40,,bearish,6867.9,2023-10-26 15:30:00+00:00,6881.570000000001,6840.574999999998,6823.55,1367.0,0.01,-1368.0,SL_INIT,2023-10-26 15:30:00+00:00,6881.570000000001,2023-10,0.8,-10.944,566.6032866120277,12.155454859569623
2023-10-27,AUS200,,bullish,6808.1,2023-10-27 13:30:00+00:00,6799.08,6826.125000000001,6846.6,902.0,0.006098899758483569,-903.0,SL_INIT,2023-10-27 14:00:00+00:00,6799.08,2023-10,2.0,-11.014612963821326,555.5886736482063,13.863128797520687
2023-10-30,FRA40,,bearish,6835.5,2023-10-30 13:35:00+00:00,6848.02,6810.474999999999,6788.7,1252.0,0.01,-1253.0,SL_INIT,2023-10-30 13:50:00+00:00,6848.02,2023-10,0.88,-11.0264,544.5622736482063,15.572630163684979
2023-11-01,JPN225,,bearish,31648.5,2023-11-01 21:15:00+00:00,31738.52,31468.475000000002,31286.0,9002.0,0.005339341872720769,-9003.0,SL_INIT,2023-11-01 21:30:00+00:00,31738.52,2023-11,0.21,-10.094719924822067,534.4675537233843,17.137686528639012
2023-11-06,JPN225,,bullish,32578.5,2023-11-06 18:15:00+00:00,32490.98,32753.524999999998,32783.5,8752.0,0.005339341872720769,-8753.0,SL_INIT,2023-11-06 20:20:00+00:00,32490.98,2023-11,0.21,-9.814404476504228,524.65314924688,18.659283592111496
2023-11-08,US30,,bearish,34211.05,2023-11-08 15:40:00+00:00,34219.07,34195.025,34137.05,802.0,0.008549493015064207,-804.5,SL_INIT,2023-11-08 15:40:00+00:00,34219.07,2023-11,1.46,-10.041978010703964,514.6111712361761,20.216163002280744
2023-11-09,AUDUSD,,bullish,0.63959,2023-11-09 13:55:00+00:00,0.63893,0.64076,0.64206,6.6,8.549493015064208,26.5,TRAIL,2023-11-09 17:00:00+00:00,0.64232,2023-11,0.18,40.78108168185627,555.3922529180323,13.893581303014352
2023-11-13,AUDUSD,,bearish,0.6383,2023-11-13 19:55:00+00:00,0.63928,0.63649,0.63517,9.8,8.549493015064208,6.6,EOD,2023-11-13 23:55:00+00:00,0.63756,2023-11,0.13,7.33546500692509,562.7277179249575,12.756311890441898
2023-11-16,AUDUSD,,bullish,0.64712,2023-11-16 19:20:00+00:00,0.64581,0.6495900000000001,0.65164,13.1,8.549493015064208,-5.9,EOD,2023-11-16 23:55:00+00:00,0.64661,2023-11,0.1,-5.044200878887883,557.6835170460696,13.538350297688684
2023-11-17,US30,,bearish,35071.55,2023-11-17 16:20:00+00:00,35090.07,35034.525,34984.05,1852.0,0.008549493015064207,12246.5,TRAIL,2023-11-17 16:45:00+00:00,34949.060000000005,2023-11,0.69,72.24394268419883,629.9274597302684,2.337857052773481
2023-11-22,AUDUSD,,bullish,0.65306,2023-11-22 17:55:00+00:00,0.65189,0.65525,0.65691,11.7,8.549493015064208,9.4,EOD,2023-11-22 23:55:00+00:00,0.65408,2023-11,0.12,9.643828120992428,639.5712878512609,0.8427056572236864
2023-11-23,JPN225,,bearish,33728.5,2023-11-23 19:20:00+00:00,33753.52,33678.475,33621.0,2502.0,0.005339341872720769,499.0,EOD,2023-11-23 19:55:00+00:00,33723.5,2023-11,0.91,2.424541750983774,641.9958296022446,0.46681167227582776
2023-11-24,FRA40,,bearish,7287.6,2023-11-24 16:05:00+00:00,7297.620000000001,7267.575,7266.85,1002.0,0.01,-1003.0,SL_INIT,2023-11-24 17:05:00+00:00,7297.620000000001,2023-11,1.21,-12.1363,629.8595296022446,2.348388744591339
2023-11-28,EURJPY,,bullish,162.204,2023-11-28 19:15:00+00:00,162.09199999999998,162.41300000000007,162.923,11.2,5.3393418727207695,-12.2,SL_INIT,2023-11-28 19:55:00+00:00,162.09199999999998,2023-11,0.2,-13.027994169438678,616.8315354328059,4.368211518210643
2023-11-29,EURJPY,,bearish,162.094,2023-11-29 16:00:00+00:00,162.269,161.75899999999996,161.54,17.5,5.3393418727207695,54.4,TRAIL,2023-11-29 18:15:00+00:00,161.54,2023-11,0.13,37.759825723881285,654.5913611566872,0.0
2023-12-01,EURUSD,,bullish,1.08902,2023-12-01 20:25:00+00:00,1.08801,1.0908900000000001,1.09123,10.1,8.549493015064208,-10.6,SL_INIT,2023-12-01 21:40:00+00:00,1.08801,2023-12,0.14,-12.687447634355285,641.9039135223319,1.9382241177054498
2023-12-01,JPN225,,bullish,33428.5,2023-12-01 20:45:00+00:00,33378.48,33528.525,33571.0,5002.0,0.005339341872720769,4499.0,EOD,2023-12-01 23:55:00+00:00,33473.5,2023-12,0.45,10.809764588416833,652.7136781107487,0.28684812500742074
2023-12-08,US30,,bearish,36192.4,2023-12-08 16:55:00+00:00,36199.57,36178.075,36118.55,717.0,0.008549493015064207,-2.0,BE,2023-12-08 17:00:00+00:00,36192.395,2023-12,1.97,-0.03368500247935297,652.6799931082693,0.29199408391831516
2023-12-20,AUS200,,bearish,7570.4,2023-12-20 20:25:00+00:00,7578.92,7553.374999999999,7532.9,852.0,0.006098899758483569,3749.0,TRAIL,2023-12-20 21:55:00+00:00,7532.9,2023-12,2.33,53.274926203312916,705.9549193115822,0.0
2023-12-27,JPN225,,bullish,33503.5,2023-12-27 18:50:00+00:00,33443.48,33623.525,33766.0,6002.0,0.005339313364301351,1999.0,EOD,2023-12-27 23:55:00+00:00,33523.5,2023-12,0.42,4.482780714400128,710.4377000259824,0.0
2023-12-29,JPN225,,bullish,33278.5,2023-12-29 23:05:00+00:00,33188.48,33458.525,33636.0,9002.0,0.005339313364301351,1149.0,EOD,2023-12-29 23:55:00+00:00,33290.0,2023-12,0.28,1.717763895563031,712.1554639215454,0.0
2024-01-03,JPN225,,bullish,33143.5,2024-01-03 18:10:00+00:00,33048.48,33333.525,33353.5,9502.0,0.005339313364301351,-9503.0,SL_INIT,2024-01-03 23:00:00+00:00,33048.48,2024-01,0.26,-13.192268674248494,698.963195247297,1.8524422464729944
2024-01-16,US30,,bullish,37438.05,2024-01-16 13:25:00+00:00,37398.530000000006,37517.075000000004,37588.05,3952.0,0.008549493015064207,-2.0,BE,2024-01-16 16:00:00+00:00,37438.05500000001,2024-01,0.39,-0.006668604551750081,698.9565266427452,1.853378643775219
2024-01-17,AUDUSD,,bullish,0.65347,2024-01-17 18:20:00+00:00,0.65225,0.65576,0.65941,12.2,8.549493015064208,16.4,EOD,2024-01-17 23:55:00+00:00,0.65519,2024-01,0.13,18.227519108116887,717.1840457508621,0.0
2024-01-22,EURJPY,,bullish,161.058,2024-01-22 16:45:00+00:00,160.958,161.243,161.556,10.0,5.3393133643013515,-11.0,SL_INIT,2024-01-22 17:30:00+00:00,160.958,2024-01,0.25,-14.683111751828717,702.5009339990334,2.0473282749138852
2024-01-23,CN50,,bearish,10986.5,2024-01-23 19:30:00+00:00,11001.52,10956.474999999997,10808.5,1502.0,0.008549493015064207,-1503.0,SL_INIT,2024-01-23 21:15:00+00:00,11001.52,2024-01,1.04,-13.363883521707162,689.1370504773262,3.910710986908788
2024-01-24,EURJPY,,bullish,160.354,2024-01-24 18:10:00+00:00,160.03,160.98700000000005,161.067,32.4,5.3393133643013515,18.4,EOD,2024-01-24 23:55:00+00:00,160.548,2024-01,0.08,7.859469272251588,696.9965197495777,2.8148319975730725
2024-01-26,JPN225,,bearish,36036.0,2024-01-26 18:15:00+00:00,36098.52,35910.975,35676.0,6252.0,0.005339284856186363,16749.0,EOD,2024-01-26 23:55:00+00:00,35868.5,2024-01,0.4,35.771072822506156,732.7675925720839,0.0
2024-01-31,US30,,bearish,38542.05,2024-01-31 14:25:00+00:00,38574.57,38477.025,38476.05,3252.0,0.008549493015064207,-3254.5,SL_INIT,2024-01-31 15:30:00+00:00,38574.57,2024-01,0.53,-14.746892259289025,718.0207003127949,2.0124924203492665
2024-02-02,AUS200,,bullish,7657.2,2024-02-02 20:40:00+00:00,7638.179999999999,7695.225,7720.7,1902.0,0.006098899758483569,849.0,EOD,2024-02-02 22:55:00+00:00,7665.7,2024-02,1.15,5.954660779195432,723.9753610919904,1.199866310849247
2024-02-07,AUDUSD,,bullish,0.65219,2024-02-07 14:30:00+00:00,0.65146,0.6535000000000001,0.65397,7.3,8.549493015064208,-3.2,EOD,2024-02-07 23:55:00+00:00,0.65195,2024-02,0.21,-5.745259306123148,718.2301017858673,1.9839156280354364
2024-02-07,FRA40,,bullish,7630.9,2024-02-07 16:05:00+00:00,7618.379999999999,7655.925,7656.85,1252.0,0.01,-1253.0,SL_INIT,2024-02-07 16:45:00+00:00,7618.379999999999,2024-02,1.06,-13.2818,704.9483017858673,3.7964684939966067
2024-02-07,US30,,bullish,38525.55,2024-02-07 13:40:00+00:00,38496.030000000006,38584.575000000004,38597.05,2952.0,0.008549493015064207,-2954.5,SL_INIT,2024-02-07 13:50:00+00:00,38496.030000000006,2024-02,0.53,-13.387522869893816,691.5607789159735,5.623449245547359
2024-02-08,AUS200,,bullish,7640.6,2024-02-08 19:40:00+00:00,7633.58,7654.625000000001,7675.1,702.0,0.006098899758483569,1299.0,EOD,2024-02-08 22:55:00+00:00,7653.6,2024-02,3.11,24.638884145300185,716.1996630612737,2.261007402450105
2024-02-13,EURUSD,,bearish,1.07766,2024-02-13 14:05:00+00:00,1.07833,1.0764700000000005,1.07564,6.7,8.549566109519942,-7.2,SL_INIT,2024-02-13 14:30:00+00:00,1.07833,2024-02,0.23,-14.158081477365025,702.0415815839086,4.1931454528882846
2024-02-14,EURJPY,,bearish,161.38,2024-02-14 20:10:00+00:00,161.548,161.05899999999997,160.949,16.8,5.3393133643013515,-17.8,SL_INIT,2024-02-14 23:00:00+00:00,161.548,2024-02,0.15,-14.25596668268461,687.785614901224,6.1386417913173394
2024-02-16,JPN225,,bullish,38453.5,2024-02-16 18:10:00+00:00,38300.98,38758.525,38871.0,15252.0,0.005339313364301351,-15253.0,SL_INIT,2024-02-16 23:00:00+00:00,38300.98,2024-02,0.16,-13.030487479310162,674.7551274219138,7.916898309672899
2024-02-19,US30,,bearish,38661.55,2024-02-19 15:35:00+00:00,38681.07,38622.525,38614.55,1952.0,0.008549566109519941,-2.0,BE,2024-02-19 19:55:00+00:00,38661.545,2024-02,0.8,-0.013679305775231907,674.7414481161386,7.918765109721629
2024-02-21,AUDUSD,,bullish,0.65438,2024-02-21 21:30:00+00:00,0.65306,0.65687,0.65728,13.2,8.549566109519942,6.0,EOD,2024-02-21 23:55:00+00:00,0.65506,2024-02,0.12,6.1556875988543585,680.8971357149929,7.078705087791988
2024-02-21,EURUSD,,bearish,1.08131,2024-02-21 21:45:00+00:00,1.08215,1.0797800000000004,1.07894,8.4,8.549566109519942,-5.4,EOD,2024-02-21 23:55:00+00:00,1.0818,2024-02,0.19,-8.771854828367461,672.1252808866254,8.275790619041736
2024-02-21,JPN225,,bearish,38316.0,2024-02-21 14:45:00+00:00,38378.52,38190.975,38096.0,6252.0,0.005339313364301351,-6253.0,SL_INIT,2024-02-21 16:40:00+00:00,38378.52,2024-02,0.4,-13.35469058679054,658.7705902998349,10.098290784464483
2024-02-23,EURJPY,,bearish,163.12,2024-02-23 12:55:00+00:00,163.21,162.95499999999998,162.785,9.0,5.3393133643013515,32.5,TRAIL,2024-02-23 17:05:00+00:00,162.785,2024-02,0.25,43.38192108494848,702.1525113847833,4.178006983065221
2024-03-01,FRA40,,bullish,7922.5,2024-03-01 14:35:00+00:00,7899.73,7968.025000000001,7976.25,2277.0,0.01,1574.0,EOD,2024-03-01 22:55:00+00:00,7938.25,2024-03,0.58,9.129199999999999,711.2817113847833,2.932154943135943
2024-03-04,EURJPY,,bearish,163.188,2024-03-04 14:50:00+00:00,163.359,162.86099999999993,162.531,17.1,5.3393133643013515,-18.1,SL_INIT,2024-03-04 16:50:00+00:00,163.359,2024-03,0.15,-14.496235784078172,696.7854756007051,4.910440545695824
2024-03-05,US30,,bearish,38956.05,2024-03-05 14:05:00+00:00,38976.57,38915.025,38896.05,2052.0,0.008549566109519941,8546.5,TRAIL,2024-03-05 15:55:00+00:00,38870.560000000005,2024-03,0.76,55.532338733809254,752.3178143345144,0.0
2024-03-11,EURJPY,,bullish,160.409,2024-03-11 16:25:00+00:00,160.191,160.82999999999998,160.926,21.8,5.3393133643013515,11.2,EOD,2024-03-11 23:55:00+00:00,160.531,2024-03,0.13,7.774040258422768,760.0918545929372,0.0
2024-03-18,EURJPY,,bearish,162.56,2024-03-18 13:30:00+00:00,162.70000000000002,162.29499999999996,162.073,14.0,5.3393133643013515,47.7,TRAIL,2024-03-18 20:05:00+00:00,162.073,2024-03,0.2,50.93704949543489,811.0289040883721,0.0
2024-03-19,FRA40,,bearish,8174.3,2024-03-19 20:45:00+00:00,8190.820000000001,8141.275,8133.01,1652.0,0.01,1524.0,EOD,2024-03-19 22:55:00+00:00,8159.05,2024-03,0.97,14.7828,825.811704088372,0.0
2024-03-22,JPN225,,bullish,40783.5,2024-03-22 22:20:00+00:00,40693.48,40963.525,41126.0,9002.0,0.005339313364301351,-2251.0,EOD,2024-03-22 23:55:00+00:00,40761.0,2024-03,0.34,-4.086390090234397,821.7253139981376,0.4948331526428859
2024-03-25,AUDUSD,,bearish,0.65376,2024-03-25 18:35:00+00:00,0.65484,0.65175,0.65097,10.8,8.549566109519942,-1.5,EOD,2024-03-25 23:55:00+00:00,0.65383,2024-03,0.17,-2.1801393579275854,819.54517464021,0.7588327238689071
2024-04-02,US30,,bullish,39462.55,2024-04-02 14:05:00+00:00,39439.030000000006,39509.575000000004,39511.55,2352.0,0.008549566109519941,-2354.5,SL_INIT,2024-04-02 14:15:00+00:00,39439.030000000006,2024-04,0.8,-16.10396272389176,803.4412119163183,2.708909556658435
2024-04-15,AUDUSD,,bullish,0.64615,2024-04-15 19:30:00+00:00,0.64512,0.64806,0.64927,10.3,8.549566109519942,-11.1,SL_INIT,2024-04-15 20:25:00+00:00,0.64512,2024-04,0.17,-16.133031248664132,787.3081806676541,4.6625063837309755
2024-04-19,EURUSD,,bearish,1.06555,2024-04-19 23:50:00+00:00,1.06636,1.0640800000000004,1.06099,8.1,8.549566109519942,-0.7,EOD,2024-04-19 23:55:00+00:00,1.06557,2024-04,0.21,-1.2567862180994314,786.0513944495547,4.81469437184951
2024-04-26,JPN225,,bearish,38104.5,2024-04-26 18:10:00+00:00,38164.52,37984.475,37557.0,6002.0,0.005339313364301351,-6003.0,SL_INIT,2024-04-26 18:40:00+00:00,38164.52,2024-04,0.46,-14.743873137914465,771.3075213116402,6.600073903881021
2024-04-30,EURUSD,,bearish,1.0721,2024-04-30 15:30:00+00:00,1.07369,1.0690700000000004,1.06894,15.9,8.549566109519942,31.1,TRAIL,2024-04-30 18:00:00+00:00,1.06894,2024-04,0.11,29.248065660667724,800.555586972308,3.0583384797076367
2024-05-01,JPN225,,bullish,38044.5,2024-05-01 19:30:00+00:00,37979.48,38174.525,38442.0,6502.0,0.005339313364301351,-6503.0,SL_INIT,2024-05-01 19:55:00+00:00,37979.48,2024-05,0.42,-14.583053019381708,785.9725339529263,4.824243824374582
2024-05-02,JPN225,,bullish,37904.5,2024-05-02 17:50:00+00:00,37764.48,38184.525,38357.0,14002.0,0.005339313364301351,-14003.0,SL_INIT,2024-05-02 20:45:00+00:00,37764.48,2024-05,0.2,-14.953281008062364,771.0192529448639,6.634981179395432
2024-05-03,US30,,bearish,38551.05,2024-05-03 14:35:00+00:00,38578.27,38496.62500000001,38460.95,2722.0,0.008549566109519941,-2724.5,SL_INIT,2024-05-03 15:30:00+00:00,38578.27,2024-05,0.63,-14.674774505193861,756.34447843967,8.411993352090857
2024-05-09,FRA40,,bullish,8122.7,2024-05-09 13:00:00+00:00,8115.429999999999,8137.225,8145.2,727.0,0.01,2398.0,TRAIL,2024-05-09 15:00:00+00:00,8146.69,2024-05,2.01,48.199799999999996,804.5442784396699,2.5753359444305266
2024-05-28,EURJPY,,bearish,170.681,2024-05-28 19:00:00+00:00,170.73600000000002,170.58599999999998,170.296,5.5,5.3393133643013515,-6.5,SL_INIT,2024-05-28 20:10:00+00:00,170.73600000000002,2024-05,0.5,-17.352768433979392,787.1915100056906,4.6766343818431295
2024-05-31,FRA40,,bullish,7972.55,2024-05-31 13:35:00+00:00,7965.53,7986.575000000001,8001.05,702.0,0.01,-0.5,BE,2024-05-31 17:25:00+00:00,7972.555,2024-05,2.09,-0.01045,787.1810600056906,4.677899803482015
2024-06-03,AUS200,,bullish,7734.1,2024-06-03 20:15:00+00:00,7723.08,7756.125000000001,7788.1,1102.0,0.006098936955288693,2299.0,EOD,2024-06-03 23:55:00+00:00,7757.1,2024-06,2.18,30.566774211254977,817.7478342169455,0.9764780314331282
2024-06-05,AUDUSD,,bullish,0.66429,2024-06-05 20:15:00+00:00,0.66371,0.6653000000000001,0.66639,5.8,8.549566109519942,3.3,EOD,2024-06-05 23:55:00+00:00,0.6647,2024-06,0.32,9.028341811653059,826.7761760285986,0.0
2024-06-05,EURUSD,,bullish,1.08655,2024-06-05 18:25:00+00:00,1.08572,1.0880599999999994,1.08856,8.3,8.549566109519942,-8.8,SL_INIT,2024-06-05 19:05:00+00:00,1.08572,2024-06,0.23,-17.304321805668366,809.4718542229302,2.0929874744080403
2024-06-10,EURUSD,,bullish,1.07473,2024-06-10 16:15:00+00:00,1.07302,1.0779999999999994,1.0781,17.1,8.549566109519942,16.6,EOD,2024-06-10 23:55:00+00:00,1.07644,2024-06,0.11,15.611507715983416,825.0833619389136,0.20474877467034983
2024-06-18,AUS200,,bearish,7782.0,2024-06-18 21:15:00+00:00,7797.02,7751.974999999999,7737.1,1502.0,0.006098936955288693,44.0,EOD,2024-06-18 23:55:00+00:00,7781.55,2024-06,1.76,0.4723016778175564,825.5556636167312,0.14762307469115696
2024-06-20,AUS200,,bearish,7786.4,2024-06-20 17:25:00+00:00,7798.42,7762.374999999999,7760.1,1202.0,0.006098750975800156,-1203.0,SL_INIT,2024-06-20 18:30:00+00:00,7798.42,2024-06,2.2,-16.140954332552695,809.4147092841785,2.099899253001646
2024-06-21,AUDUSD,,bullish,0.66495,2024-06-21 17:15:00+00:00,0.6643100000000001,0.66608,0.6669,6.4,8.54963920522554,-7.2,SL_INIT,2024-06-21 17:25:00+00:00,0.6643100000000001,2024-06,0.29,-17.851646660510927,791.5630626236675,4.259086609640407
2024-06-21,EURJPY,,bearish,170.439,2024-06-21 18:05:00+00:00,170.58,170.17199999999994,169.32,14.1,5.3393418727207695,-15.1,SL_INIT,2024-06-21 20:15:00+00:00,170.58,2024-06,0.19,-15.318571832835886,776.2444907908316,6.111894210655032
2024-06-26,EURUSD,,bullish,1.06853,2024-06-26 18:50:00+00:00,1.0677,1.0700399999999994,1.07174,8.3,8.54963920522554,-8.8,SL_INIT,2024-06-26 22:10:00+00:00,1.0677,2024-06,0.21,-15.7997332512568,760.4447575395748,8.022899112507732
2024-06-27,EURUSD,,bearish,1.06952,2024-06-27 15:10:00+00:00,1.07026,1.0681900000000004,1.06765,7.4,8.54963920522554,-7.9,SL_INIT,2024-06-27 15:20:00+00:00,1.07026,2024-06,0.23,-15.534694435894808,744.9100631036799,9.901847113950565
2024-07-15,EURJPY,,bearish,172.373,2024-07-15 14:10:00+00:00,172.57500000000002,171.98399999999992,171.87,20.2,5.339398890472911,49.3,TRAIL,2024-07-15 19:50:00+00:00,171.87,2024-07,0.14,36.85253114204403,781.7625942457239,5.444470110289877
2024-07-23,AUS200,,bearish,8005.7,2024-07-23 15:50:00+00:00,8021.72,7973.674999999999,7967.7,1602.0,0.006098788170790465,1199.0,EOD,2024-07-23 23:55:00+00:00,7993.7,2024-07,1.5,10.968670525166651,792.7312647708906,4.117790551397114
2024-07-24,EURJPY,,bullish,167.721,2024-07-24 13:35:00+00:00,167.17999999999998,168.78800000000007,169.2,54.1,5.339398890472911,-55.1,SL_INIT,2024-07-24 14:45:00+00:00,167.17999999999998,2024-07,0.05,-14.710043943252868,778.0212208276376,5.896995657900339
2024-07-25,EURUSD,,bearish,1.08512,2024-07-25 15:25:00+00:00,1.08604,1.0834300000000008,1.08278,9.2,8.549858499841827,-0.0,BE,2024-07-25 17:30:00+00:00,1.0850700000000002,2024-07,0.19,-0.0,778.0212208276376,5.896995657900339
2024-07-25,FRA40,,bullish,7377.35,2024-07-25 15:55:00+00:00,7362.83,7406.375000000001,7468.3,1452.0,0.01,9094.0,TRAIL,2024-07-25 19:45:00+00:00,7468.3,2024-07,1.01,91.8494,869.8706208276376,0.0
2024-08-02,US30,,bullish,40043.7,2024-08-02 15:20:00+00:00,39951.93,40227.225,40286.35,9177.0,0.008549858499841826,-9179.5,SL_INIT,2024-08-02 15:30:00+00:00,39951.93,2024-08,0.21,-16.48151948085259,853.389101346785,1.894709291960142
2024-08-05,FRA40,,bearish,7156.55,2024-08-05 20:45:00+00:00,7192.070000000001,7085.525,7027.9,3552.0,0.01,1624.0,EOD,2024-08-05 22:55:00+00:00,7140.3,2024-08,0.45,7.308000000000001,860.697101346785,1.0545843555590482
2024-08-08,FRA40,,bullish,7191.85,2024-08-08 14:20:00+00:00,7167.33,7240.875000000001,7243.2,2452.0,0.01,5134.0,TRAIL,2024-08-08 16:45:00+00:00,7243.2,2024-08,0.66,33.88440000000001,894.581501346785,0.0
2024-08-12,EURUSD,,bearish,1.09253,2024-08-12 14:15:00+00:00,1.09314,1.0914600000000003,1.09096,6.1,8.549858499841827,-6.6,SL_INIT,2024-08-12 16:45:00+00:00,1.09314,2024-08,0.34,-19.185882473645062,875.3956188731399,2.144676862282628
2024-08-14,JPN225,,bullish,36052.0,2024-08-14 19:30:00+00:00,35849.48,36457.025,36677.0,20252.0,0.005339455909442828,26349.0,EOD,2024-08-14 23:55:00+00:00,36315.5,2024-08,0.15,21.103398563686362,896.4990174368263,0.0
2024-08-20,EURJPY,,bullish,161.688,2024-08-20 22:05:00+00:00,161.51399999999998,162.02100000000002,163.189,17.4,5.339455909442829,-4.2,EOD,2024-08-20 23:55:00+00:00,161.656,2024-08,0.19,-4.260885815735377,892.2381316210909,0.4752805895892273
2024-08-28,FRA40,,bearish,7605.35,2024-08-28 13:50:00+00:00,7611.870000000001,7592.325,7580.8,652.0,0.01,-653.0,SL_INIT,2024-08-28 14:15:00+00:00,7611.870000000001,2024-08,2.72,-17.7616,874.4765316210909,2.4564986003776945
2024-08-28,AUS200,,bearish,8063.6,2024-08-28 17:35:00+00:00,8078.620000000001,8033.575,8011.6,1502.0,0.006098713781263532,1799.0,EOD,2024-08-28 23:55:00+00:00,8045.6,2024-08,1.76,19.309991522787843,893.7865231438788,0.3025652276455167
2024-09-04,EURJPY,,bullish,159.897,2024-09-04 18:35:00+00:00,159.59,160.49599999999998,160.885,30.7,5.339455909442829,-31.7,SL_INIT,2024-09-04 19:45:00+00:00,159.59,2024-09,0.11,-18.618682756227145,875.1678403876516,2.3793865508255108
2024-09-05,JPN225,,bearish,36957.5,2024-09-05 18:00:00+00:00,37127.52,36617.475,36209.0,17002.0,0.005339455909442828,-1501.0,EOD,2024-09-05 23:55:00+00:00,36972.5,2024-09,0.18,-1.4426141976132634,873.7252261900384,2.540302979015004
2024-09-05,FRA40,,bullish,7465.35,2024-09-05 16:10:00+00:00,7453.33,7489.375000000001,7503.35,1202.0,0.01,-1203.0,SL_INIT,2024-09-05 16:30:00+00:00,7453.33,2024-09,1.34,-16.1202,857.6050261900384,4.338430995495055
2024-09-06,EURUSD,,bullish,1.11102,2024-09-06 13:40:00+00:00,1.11049,1.1119299999999994,1.11205,5.3,8.549858499841827,-5.8,SL_INIT,2024-09-06 14:20:00+00:00,1.11049,2024-09,0.36,-17.852104547669732,839.7529216423687,6.329744337779634
2024-09-10,AUS200,,bullish,8003.6,2024-09-10 21:25:00+00:00,7987.58,8035.625000000001,8057.8,1602.0,0.006098713781263532,2099.0,EOD,2024-09-10 23:55:00+00:00,8024.6,2024-09,1.65,21.12198037433905,860.8749020167078,3.973692634038928
2024-09-11,EURJPY,,bullish,155.897,2024-09-11 18:40:00+00:00,155.43099999999998,156.81400000000002,157.009,46.6,5.339455909442829,83.7,EOD,2024-09-11 23:55:00+00:00,156.744,2024-09,0.06,26.814747577221887,887.6896495939296,0.9826411040676291
2024-09-11,AUS200,,bullish,7964.6,2024-09-11 18:05:00+00:00,7940.58,8012.625000000001,8022.6,2402.0,0.006098713781263532,5799.0,TRAIL,2024-09-11 20:15:00+00:00,8022.6,2024-09,1.21,42.793393873232134,930.4830434671618,0.0
2024-09-17,JPN225,,bearish,36595.0,2024-09-17 18:35:00+00:00,36777.52,36229.975,35800.0,18252.0,0.005339427399805645,-10001.0,EOD,2024-09-17 23:55:00+00:00,36695.0,2024-09,0.18,-9.611930416582126,920.8711130505797,1.0330043609141126
2024-09-17,FRA40,,bearish,7508.75,2024-09-17 15:15:00+00:00,7521.27,7483.724999999999,7476.25,1252.0,0.01,-1253.0,SL_INIT,2024-09-17 15:55:00+00:00,7521.27,2024-09,1.41,-17.6673,903.2038130505797,2.931727838363862
2024-09-23,US30,,bearish,42161.05,2024-09-23 17:35:00+00:00,42232.07,42019.025,41992.55,7102.0,0.008549785400386449,697.5,EOD,2024-09-23 23:55:00+00:00,42154.05,2024-09,0.29,1.7294078418631686,904.9332208924428,2.745866542555718
2024-09-25,JPN225,,bearish,38154.0,2024-09-25 21:15:00+00:00,38281.52,37898.975,37834.0,12752.0,0.005339427399805645,-12753.0,SL_INIT,2024-09-25 23:05:00+00:00,38281.52,2024-09,0.26,-17.704366583727563,887.2288543087152,4.648573605089355
2024-09-25,AUDUSD,,bullish,0.68792,2024-09-25 16:25:00+00:00,0.68692,0.68977,0.69076,10.0,8.54978540038645,-10.8,SL_INIT,2024-09-25 17:00:00+00:00,0.68692,2024-09,0.21,-19.39091328807647,867.8379410206387,6.732535631503309
2024-09-30,AUDUSD,,bearish,0.69314,2024-09-30 19:10:00+00:00,0.6943,0.6909699999999999,0.69015,11.6,8.54978540038645,29.1,TRAIL,2024-09-30 21:25:00+00:00,0.69015,2024-09,0.16,39.80780082419931,907.645741844838,2.4543490375953088
2024-10-02,US30,,bullish,42060.05,2024-10-02 13:30:00+00:00,42012.030000000006,42156.075000000004,42199.65,4802.0,0.008549785400386449,13957.5,TRAIL,2024-10-02 16:20:00+00:00,42199.65,2024-10,0.43,51.31346078213436,958.9592026269723,0.0
2024-10-07,AUS200,,bearish,8205.3,2024-10-07 21:30:00+00:00,8222.32,8171.274999999996,8151.3,1702.0,0.006098713781263532,1314.0,EOD,2024-10-07 23:55:00+00:00,8192.15,2024-10,1.71,13.70344394367228,972.6626465706446,0.0
2024-10-08,EURJPY,,bearish,162.648,2024-10-08 17:30:00+00:00,162.836,162.28699999999995,161.897,18.8,5.339427399805645,-11.8,EOD,2024-10-08 23:55:00+00:00,162.756,2024-10,0.18,-11.34094379718719,961.3217027734574,1.1659688831654396
2024-10-15,EURJPY,,bullish,162.659,2024-10-15 13:40:00+00:00,162.34099999999998,163.28000000000003,163.424,31.8,5.339427399805645,-32.8,SL_INIT,2024-10-15 17:40:00+00:00,162.34099999999998,2024-10,0.1,-17.513321871362514,943.8083809020949,2.966523467338069
2024-10-17,AUS200,,bullish,8338.1,2024-10-17 19:25:00+00:00,8329.08,8356.125000000004,8394.1,902.0,0.006098713781263532,-903.0,SL_INIT,2024-10-17 21:10:00+00:00,8329.08,2024-10,3.22,-17.732986113228723,926.0753947888661,4.789661857174532
2024-10-21,EURUSD,,bullish,1.08516,2024-10-21 14:50:00+00:00,1.08422,1.0868899999999995,1.08708,9.4,8.54978540038645,-9.9,SL_INIT,2024-10-21 17:20:00+00:00,1.08422,2024-10,0.22,-18.621432602041686,907.4539621868245,6.704141935924957
2024-10-22,CN50,,bearish,13593.0,2024-10-22 18:25:00+00:00,13641.52,13495.974999999997,13384.0,4852.0,0.008549785400386449,1799.0,EOD,2024-10-22 23:40:00+00:00,13575.0,2024-10,0.43,6.613857492176945,914.0678196790014,6.024167484814315
2024-11-04,AUDUSD,,bullish,0.65898,2024-11-04 20:20:00+00:00,0.6577000000000001,0.6613899999999999,0.66185,12.8,8.54978540038645,-7.1,EOD,2024-11-04 23:55:00+00:00,0.65835,2024-11,0.16,-9.712556214839006,904.3552634641625,7.022720914318667
2024-11-04,JPN225,,bearish,38533.5,2024-11-04 20:50:00+00:00,38643.52,38313.475,38238.5,11002.0,0.005339455909442828,11499.0,EOD,2024-11-04 23:55:00+00:00,38418.5,2024-11,0.3,18.419521050804924,922.7747845149675,5.1289994770097085
2024-11-13,JPN225,,bullish,38691.5,2024-11-13 18:10:00+00:00,38481.48,39111.525,39386.5,21002.0,0.005339455909442828,24249.0,EOD,2024-11-13 23:55:00+00:00,38934.0,2024-11,0.16,20.716234615692663,943.4910191306601,2.999151611592782
2024-11-19,EURUSD,,bearish,1.05776,2024-11-19 18:45:00+00:00,1.06023,1.0529700000000004,1.05226,24.7,8.54978540038645,-16.0,EOD,2024-11-19 23:55:00+00:00,1.05931,2024-11,0.08,-10.943725312494655,932.5472938181655,4.124282236386419
2024-11-22,JPN225,,bullish,38168.5,2024-11-22 12:45:00+00:00,38035.98,38433.525,38513.5,13252.0,0.005339455909442828,34499.0,TRAIL,2024-11-22 18:00:00+00:00,38513.5,2024-11,0.25,46.05147235496703,978.5987661731325,0.0
2024-11-22,FRA40,,bearish,7254.25,2024-11-22 18:05:00+00:00,7277.02,7208.724999999999,7158.6,2277.0,0.01,-1001.0,EOD,2024-11-22 22:55:00+00:00,7264.25,2024-11,0.86,-8.6086,969.9901661731325,0.879686373779568
2024-11-27,FRA40,,bullish,7121.75,2024-11-27 14:15:00+00:00,7095.73,7173.775000000001,7188.6,2602.0,0.01,3449.0,EOD,2024-11-27 22:55:00+00:00,7156.25,2024-11,0.68,23.453200000000002,993.4433661731325,0.0
2024-12-03,EURJPY,,bearish,157.766,2024-12-03 13:00:00+00:00,158.0,157.31299999999996,156.932,23.4,5.339455909442829,82.4,TRAIL,2024-12-03 15:45:00+00:00,156.932,2024-12,0.16,70.39538671009426,1063.8387528832268,0.0
2024-12-09,FRA40,,bearish,7493.7,2024-12-09 18:35:00+00:00,7521.97,7437.174999999999,7424.8,2827.0,0.01,2124.0,EOD,2024-12-09 22:55:00+00:00,7472.45,2024-12,0.69,14.6556,1078.4943528832268,0.0
2024-12-16,AUDUSD,,bullish,0.63549,2024-12-16 14:35:00+00:00,0.63474,0.6368400000000001,0.63822,7.5,8.54978540038645,-8.3,SL_INIT,2024-12-16 16:45:00+00:00,0.63474,2024-12,0.33,-23.417862211658488,1055.0764906715683,2.171347689401771
2024-12-16,AUS200,,bearish,8297.2,2024-12-16 17:45:00+00:00,8309.220000000001,8273.174999999997,8252.4,1202.0,0.006098713781263532,4479.0,TRAIL,2024-12-16 22:50:00+00:00,8252.4,2024-12,2.66,72.6609298099031,1127.7374204814714,0.0
2024-12-16,JPN225,,bearish,39652.0,2024-12-16 18:35:00+00:00,39744.52,39466.975,39389.5,9252.0,0.005339455909442828,-2251.0,EOD,2024-12-16 23:55:00+00:00,39674.5,2024-12,0.43,-5.168219558426996,1122.5692009230445,0.4582821731871262
2024-12-16,US30,,bearish,43996.05,2024-12-16 13:20:00+00:00,44011.57,43965.025,43931.0,1552.0,0.008549785400386449,-1554.5,SL_INIT,2024-12-16 13:40:00+00:00,44011.57,2024-12,1.62,-21.53083907593919,1101.0383618471053,2.367488933990266
2024-12-19,FRA40,,bullish,7287.65,2024-12-19 13:50:00+00:00,7268.129999999999,7326.675,7335.15,1952.0,0.01,84.0,EOD,2024-12-19 22:55:00+00:00,7288.5,2024-12,1.1,0.924,1101.9623618471053,2.285554967517336
2024-12-24,EURJPY,,bearish,163.447,2024-12-24 17:30:00+00:00,163.64600000000002,163.06399999999996,163.016,19.9,5.339455909442829,10.9,EOD,2024-12-24 23:55:00+00:00,163.328,2024-12,0.2,11.640013882585366,1113.6023757296907,1.253398574443503
2025-01-03,AUDUSD,,bearish,0.62207,2025-01-03 14:40:00+00:00,0.62271,0.62094,0.61995,6.4,8.54978540038645,20.4,TRAIL,2025-01-03 17:25:00+00:00,0.61995,2025-01,0.39,68.02209264547459,1181.6244683751654,0.0
2025-01-03,FRA40,,bullish,7335.25,2025-01-03 13:25:00+00:00,7317.73,7370.275000000001,7389.75,1752.0,0.01,-1753.0,SL_INIT,2025-01-03 15:25:00+00:00,7317.73,2025-01,1.35,-23.6655,1157.9589683751653,2.002793665278627
2025-01-10,US30,,bearish,42622.85,2025-01-10 14:05:00+00:00,42687.469999999994,42493.625,42466.25,6462.0,0.008549785400386449,26906.5,TRAIL,2025-01-10 16:00:00+00:00,42353.76,2025-01,0.39,89.71747234144422,1247.6764407166095,0.0
2025-01-16,JPN225,,bullish,38511.0,2025-01-16 18:20:00+00:00,38423.48,38686.025,38943.5,8752.0,0.005339455909442828,-8753.0,SL_INIT,2025-01-16 18:40:00+00:00,38423.48,2025-01,0.5,-23.368128787676536,1224.3083119289329,1.8729317974662558
2025-01-17,EURUSD,,bearish,1.03007,2025-01-17 14:40:00+00:00,1.0311299999999999,1.0281000000000007,1.0277,10.6,8.54978540038645,28.5,TRAIL,2025-01-17 16:25:00+00:00,1.02717,2025-01,0.26,63.35390981686359,1287.6622217457964,0.0
2025-01-17,CN50,,bearish,12963.5,2025-01-17 20:50:00+00:00,13024.52,12841.474999999997,12795.5,6102.0,0.008549785400386449,1399.0,EOD,2025-01-17 22:40:00+00:00,12949.5,2025-01,0.45,5.382517398813289,1293.0447391446096,0.0
2025-01-20,JPN225,,bearish,39019.5,2025-01-20 18:35:00+00:00,39104.52,38849.475,38687.0,8502.0,0.005339455909442828,5249.0,EOD,2025-01-20 19:55:00+00:00,38967.0,2025-01,0.52,14.573938115706012,1307.6186772603155,0.0
2025-01-24,FRA40,,bullish,7926.2,2025-01-24 18:20:00+00:00,7906.429999999999,7965.725,7993.45,1977.0,0.01,-526.0,EOD,2025-01-24 22:55:00+00:00,7920.95,2025-01,1.31,-6.8906,1300.7280772603156,0.526957905988077
2025-01-29,AUS200,,bearish,8487.7,2025-01-29 18:05:00+00:00,8507.42,8448.275,8437.1,1972.0,0.006098788170790465,5059.0,TRAIL,2025-01-29 21:20:00+00:00,8437.1,2025-01,2.16,66.64414180902256,1367.3722190693381,0.0
2025-01-30,FRA40,,bearish,7915.75,2025-01-30 13:50:00+00:00,7923.27,7900.724999999999,7878.1,752.0,0.01,-753.0,SL_INIT,2025-01-30 14:35:00+00:00,7923.27,2025-01,3.45,-25.978500000000004,1341.3937190693382,1.8998850230905997
2025-01-30,JPN225,,bearish,39513.5,2025-01-30 19:40:00+00:00,39638.52,39263.475,39208.5,12502.0,0.005339455909442828,-12503.0,SL_INIT,2025-01-30 20:35:00+00:00,39638.52,2025-01,0.39,-26.036094721947837,1315.3576243473904,3.8039821196126096
2025-02-05,EURUSD,,bearish,1.0411,2025-02-05 14:10:00+00:00,1.0432,1.0370500000000002,1.03691,21.0,8.54978540038645,-21.5,SL_INIT,2025-02-05 17:00:00+00:00,1.0432,2025-02,0.14,-25.734854055163215,1289.6227702922272,5.686048589609992
2025-02-20,EURJPY,,bullish,156.75,2025-02-20 19:05:00+00:00,156.289,157.65700000000004,157.827,46.1,5.339455909442829,35.1,EOD,2025-02-20 23:55:00+00:00,157.111,2025-02,0.1,18.74149024214433,1308.3642605343716,4.315427629144649
2025-02-21,AUS200,,bullish,8300.5,2025-02-21 18:00:00+00:00,8285.48,8330.525000000003,8365.5,1502.0,0.006098788170790465,-1503.0,SL_INIT,2025-02-21 20:00:00+00:00,8285.48,2025-02,2.83,-25.94113449657554,1282.423126037796,6.212580001761352
2025-02-21,CN50,,bearish,13443.5,2025-02-21 18:55:00+00:00,13477.52,13375.474999999997,13279.5,3402.0,0.008549785400386449,4799.0,EOD,2025-02-21 22:40:00+00:00,13395.5,2025-02,0.81,33.2346403105282,1315.6577663483242,3.782031841791538
2025-02-26,EURJPY,,bearish,156.94,2025-02-26 18:50:00+00:00,157.143,156.54899999999998,156.403,20.3,5.339455909442829,52.7,TRAIL,2025-02-26 19:40:00+00:00,156.403,2025-02,0.24,67.5334383426329,1383.1912046909572,0.0
2025-03-07,CN50,,bullish,13229.0,2025-03-07 20:15:00+00:00,13213.48,13260.025000000003,13328.5,1552.0,0.008549785400386449,449.0,EOD,2025-03-07 22:40:00+00:00,13233.5,2025-03,1.95,7.485764607308355,1390.6769692982655,0.0
2025-03-10,AUDUSD,,bearish,0.63198,2025-03-10 16:10:00+00:00,0.6331,0.62989,0.62951,11.2,8.54978540038645,23.9,TRAIL,2025-03-10 20:15:00+00:00,0.62951,2025-03,0.27,55.17176518869376,1445.8487344869593,0.0
2025-03-21,AUDUSD,,bullish,0.62889,2025-03-21 14:00:00+00:00,0.6281300000000001,0.6302599999999997,0.63057,7.6,8.54978540038645,-8.4,SL_INIT,2025-03-21 16:00:00+00:00,0.6281300000000001,2025-03,0.44,-31.600006839828318,1414.248727647131,2.185567970292623
2025-03-21,FRA40,,bullish,8036.35,2025-03-21 13:00:00+00:00,8023.83,8061.375000000001,8089.35,1252.0,0.01,-0.5,BE,2025-03-21 14:20:00+00:00,8036.3550000000005,2025-03,2.07,-0.01035,1414.238377647131,2.186283812811494
2025-03-24,FRA40,,bullish,8052.95,2025-03-24 14:55:00+00:00,8033.28,8092.275,8118.8,1967.0,0.01,-1968.0,SL_INIT,2025-03-24 15:20:00+00:00,8033.28,2025-03,1.32,-25.977600000000002,1388.2607776471311,3.9829862879993807
2025-03-25,AUS200,,bearish,7985.3,2025-03-25 21:50:00+00:00,8003.320000000001,7949.275,7935.84,1802.0,0.006098788170790465,-901.0,EOD,2025-03-25 22:55:00+00:00,7994.3,2025-03,2.36,-12.968219214842014,1375.292558432289,4.8799140858747005
2025-04-01,AUDUSD,,bearish,0.62685,2025-04-01 20:35:00+00:00,0.62847,0.6237600000000001,0.62315,16.2,8.54978540038645,-9.5,EOD,2025-04-01 23:55:00+00:00,0.62772,2025-04,0.19,-15.432362647697541,1359.8601957845915,5.947270738033306
2025-04-02,CN50,,bullish,13202.0,2025-04-02 15:10:00+00:00,13170.48,13265.025000000003,13291.5,3152.0,0.008549785400386449,-3153.0,SL_INIT,2025-04-02 23:25:00+00:00,13170.48,2025-04,0.96,-25.879174432721733,1333.9810213518697,7.737165753704134
2025-04-07,EURUSD,,bullish,1.09416,2025-04-07 21:05:00+00:00,1.08985,1.1026299999999998,1.10494,43.1,8.54978540038645,-39.2,EOD,2025-04-07 23:55:00+00:00,1.09029,2025-04,0.07,-23.46061113866042,1310.5204102132093,9.359784398315327
2025-04-08,EURUSD,,bullish,1.09082,2025-04-08 19:20:00+00:00,1.08862,1.0950699999999995,1.09915,22.0,8.54978540038645,48.2,EOD,2025-04-08 23:55:00+00:00,1.09569,2025-04,0.14,57.69395188180776,1368.2143620950171,5.3694671192204435
2025-04-09,AUS200,,bearish,7433.8,2025-04-09 18:35:00+00:00,7487.820000000001,7325.775,7317.8,5402.0,0.006098788170790465,-5403.0,SL_INIT,2025-04-09 19:55:00+00:00,7487.820000000001,2025-04,0.79,-26.0318844645569,1342.1824776304602,7.169924099514029
2025-04-11,CN50,,bearish,12858.0,2025-04-11 15:00:00+00:00,12937.02,12699.974999999997,12640.0,7902.0,0.008549785400386449,-5651.0,EOD,2025-04-11 23:40:00+00:00,12914.5,2025-04,0.38,-18.359638173081855,1323.8228394573784,8.43974145558734
2025-04-16,AUS200,,bearish,7800.5,2025-04-16 20:25:00+00:00,7822.52,7756.474999999999,7727.05,2202.0,0.006098788170790465,7344.0,TRAIL,2025-04-16 22:15:00+00:00,7727.05,2025-04,1.93,86.44373562973038,1410.2665750871088,2.4609876919438873
2025-04-21,CN50,,bullish,13021.0,2025-04-21 23:35:00+00:00,12999.48,13064.025000000003,13143.5,2152.0,0.008549785400386449,-251.0,EOD,2025-04-21 23:40:00+00:00,13018.5,2025-04,1.41,-3.025854551050768,1407.240720536058,2.6702664690992624
2025-04-24,AUDUSD,,bearish,0.63813,2025-04-24 15:15:00+00:00,0.63916,0.63622,0.63433,10.3,8.54978540038645,-11.1,SL_INIT,2025-04-24 17:05:00+00:00,0.63916,2025-04,0.29,-27.521759203843978,1379.7189613322141,4.573768443225873
2025-04-30,FRA40,,bearish,7598.15,2025-04-30 18:30:00+00:00,7613.17,7568.124999999999,7559.4,1502.0,0.01,-1503.0,SL_INIT,2025-04-30 18:40:00+00:00,7613.17,2025-04,1.73,-26.0019,1353.7170613322141,6.372151592153717
2025-05-07,FRA40,,bullish,7658.65,2025-05-07 15:20:00+00:00,7645.129999999999,7685.675,7699.5,1352.0,0.01,-1353.0,SL_INIT,2025-05-07 15:45:00+00:00,7645.129999999999,2025-05,1.92,-25.9776,1327.7394613322142,8.168854067341606
2025-05-07,JPN225,,bullish,36742.5,2025-05-07 17:20:00+00:00,36617.48,36992.525,37140.0,12502.0,0.005339427399805645,-12503.0,SL_INIT,2025-05-07 21:05:00+00:00,36617.48,2025-05,0.39,-26.03595570411029,1301.7035056281038,9.969592628927643
2025-05-12,AUDUSD,,bullish,0.63903,2025-05-12 15:30:00+00:00,0.63797,0.6409999999999999,0.64607,10.6,8.549858499841827,-11.4,SL_INIT,2025-05-12 17:50:00+00:00,0.63797,2025-05,0.29,-28.265832200477078,1273.4376734276268,11.92455731688352
2025-05-14,AUS200,,bullish,8256.1,2025-05-14 18:35:00+00:00,8247.08,8274.125000000004,8297.3,902.0,0.006098676587180583,-903.0,SL_INIT,2025-05-14 18:45:00+00:00,8247.08,2025-05,4.29,-23.625480270781242,1249.8121931568455,13.558578892395323
2025-05-15,FRA40,,bearish,7823.95,2025-05-15 15:20:00+00:00,7833.47,7804.924999999999,7802.4,952.0,0.01,-953.0,SL_INIT,2025-05-15 15:30:00+00:00,7833.47,2025-05,2.48,-23.6344,1226.1777931568456,15.1932173878522
2025-05-16,AUS200,,bullish,8335.3,2025-05-16 18:55:00+00:00,8324.779999999999,8356.325000000003,8400.3,1052.0,0.006098527815385366,-0.5,BE,2025-05-16 23:55:00+00:00,8335.305,2025-05,3.68,-0.011221291180309075,1226.1665718656652,15.193993491943363
2025-05-26,AUS200,,bearish,8376.0,2025-05-26 15:55:00+00:00,8385.02,8357.974999999997,8348.0,902.0,0.006098527815385366,-903.0,SL_INIT,2025-05-26 19:10:00+00:00,8385.02,2025-05,4.29,-23.62490394818691,1202.5416679174782,16.827975206951056
2025-05-28,EURUSD,,bullish,1.1294,2025-05-28 21:05:00+00:00,1.12815,1.1317499999999996,1.13449,12.5,8.549931600547197,-3.3,EOD,2025-05-28 23:55:00+00:00,1.12912,2025-05,0.22,-6.207250341997265,1196.334417575481,17.257290542223647
2025-05-28,FRA40,,bullish,7824.55,2025-05-28 13:00:00+00:00,7810.03,7853.575000000001,7856.05,1452.0,0.01,-1453.0,SL_INIT,2025-05-28 15:50:00+00:00,7810.03,2025-05,1.62,-23.538600000000002,1172.795817575481,18.885303171660464
2025-05-30,FRA40,,bullish,7762.0,2025-05-30 22:25:00+00:00,7746.48,7793.025000000001,7811.25,1552.0,0.01,174.0,EOD,2025-05-30 22:55:00+00:00,7763.75,2025-05,1.38,2.4012,1175.197017575481,18.719227707282645
2025-06-10,AUDUSD,,bearish,0.65282,2025-06-10 17:35:00+00:00,0.65347,0.6516699999999999,0.64894,6.5,8.549931600547197,6.1,EOD,2025-06-10 23:55:00+00:00,0.65213,2025-06,0.39,20.34028727770178,1195.5373048531826,17.312421670624932
2025-06-11,EURUSD,,bearish,1.14373,2025-06-11 14:05:00+00:00,1.14476,1.14182,1.14051,10.3,8.549931600547197,-10.8,SL_INIT,2025-06-11 15:30:00+00:00,1.14476,2025-06,0.27,-24.93160054719563,1170.605704305987,19.036779132959484
2025-06-13,EURJPY,,bearish,166.322,2025-06-13 21:10:00+00:00,166.42600000000002,166.12899999999996,164.929,10.4,5.339484419384465,-0.5,BE,2025-06-13 23:40:00+00:00,166.317,2025-06,0.39,-1.0411994617799707,1169.564504844207,19.10879216149732
2025-06-18,EURUSD,,bearish,1.15148,2025-06-18 19:20:00+00:00,1.1532,1.1481900000000005,1.14744,17.2,8.549931600547197,39.9,TRAIL,2025-06-18 22:00:00+00:00,1.14744,2025-06,0.15,51.171340629274965,1220.735845473482,15.569601690964976
2025-06-20,AUDUSD,,bearish,0.64893,2025-06-20 13:50:00+00:00,0.6496999999999999,0.6475400000000001,0.6472,7.7,8.549931600547197,16.5,TRAIL,2025-06-20 17:00:00+00:00,0.6472,2025-06,0.36,50.78659370725035,1271.5224391807324,12.057021675098285
2025-06-24,EURUSD,,bearish,1.16246,2025-06-24 18:15:00+00:00,1.16436,1.1588100000000003,1.15736,19.0,8.549931600547197,15.8,EOD,2025-06-24 23:55:00+00:00,1.16083,2025-06,0.15,20.263337893296857,1291.7857770740293,10.655537729373693
2025-06-24,FRA40,,bullish,7618.95,2025-06-24 18:25:00+00:00,7605.429999999999,7645.975,7679.95,1352.0,0.01,1349.0,EOD,2025-06-24 22:55:00+00:00,7632.45,2025-06,1.74,23.4726,1315.2583770740293,9.03208989281083
2025-06-25,AUDUSD,,bullish,0.64905,2025-06-25 18:25:00+00:00,0.6482,0.6506000000000001,0.65074,8.5,8.549931600547197,16.1,TRAIL,2025-06-25 21:40:00+00:00,0.65074,2025-06,0.36,49.55540355677156,1364.813780630801,5.604663331874242
2025-06-25,AUS200,,bullish,8555.5,2025-06-25 15:15:00+00:00,8550.48,8565.525000000003,8585.5,502.0,0.006098639393551299,-503.0,SL_INIT,2025-06-25 15:20:00+00:00,8550.48,2025-06,8.47,-25.98270425867989,1338.831076372121,7.401718835602264
2025-06-27,AUDUSD,,bullish,0.65363,2025-06-27 19:25:00+00:00,0.65268,0.6553800000000001,0.65607,9.5,8.549931600547197,-10.3,SL_INIT,2025-06-27 20:40:00+00:00,0.65268,2025-06,0.32,-28.180574555403567,1310.6505018167175,9.35078680400237
2025-06-30,AUDUSD,,bullish,0.65297,2025-06-30 15:25:00+00:00,0.65203,0.6547000000000002,0.65523,9.4,8.549931600547197,21.8,TRAIL,2025-06-30 17:40:00+00:00,0.65523,2025-06,0.32,59.64432284541725,1370.2948246621347,5.225574987388561
2025-06-30,EURJPY,,bearish,169.656,2025-06-30 23:30:00+00:00,169.751,169.481,168.702,9.5,5.339484419384465,-10.5,SL_INIT,2025-06-30 23:55:00+00:00,169.751,2025-06,0.51,-28.592939065803808,1341.7018855963308,7.203163540312094
2025-06-30,US30,,bullish,43944.85,2025-06-30 18:20:00+00:00,43882.030000000006,44070.47499999999,44122.85,6282.0,0.008549931600547196,-6284.5,SL_INIT,2025-06-30 20:55:00+00:00,43882.030000000006,2025-06,0.48,-25.79138166894665,1315.9105039273843,8.986986498672831
2025-07-01,EURUSD,,bearish,1.18166,2025-07-01 13:55:00+00:00,1.1831399999999999,1.1788500000000004,1.17672,14.8,8.549931600547197,48.9,TRAIL,2025-07-01 19:05:00+00:00,1.17672,2025-07,0.2,83.61833105335158,1399.5288349807358,3.203647684670104
2025-07-09,AUDUSD,,bearish,0.65369,2025-07-09 20:55:00+00:00,0.6549699999999999,0.6512800000000001,0.65091,12.8,8.549931600547197,1.8,EOD,2025-07-09 23:55:00+00:00,0.65343,2025-07,0.24,3.693570451436389,1403.2224054321723,2.948187319879793
2025-07-09,AUS200,,bearish,8584.9,2025-07-09 19:40:00+00:00,8594.92,8564.874999999996,8534.9,1002.0,0.006098639393551299,-1003.0,SL_INIT,2025-07-09 20:15:00+00:00,8594.92,2025-07,4.24,-25.935805721743478,1377.2865997104288,4.7419991553168135
2025-07-22,JPN225,,bullish,39625.5,2025-07-22 22:10:00+00:00,39445.48,39985.525,40268.0,18002.0,0.005339484419384465,-1501.0,EOD,2025-07-22 23:55:00+00:00,39610.5,2025-07,0.27,-2.1639328506439424,1375.1226668597849,4.891664386473364
2025-07-22,FRA40,,bullish,7759.15,2025-07-22 16:30:00+00:00,7752.129999999999,7773.175,7784.15,702.0,0.01,-703.0,SL_INIT,2025-07-22 16:45:00+00:00,7752.129999999999,2025-07,3.69,-25.940700000000003,1349.1819668597848,6.685814727463553
2025-07-23,EURJPY,,bullish,171.731,2025-07-23 15:50:00+00:00,171.61999999999998,171.93800000000005,172.737,11.1,5.339484419384465,-12.1,SL_INIT,2025-07-23 16:00:00+00:00,171.61999999999998,2025-07,0.44,-28.42741504880289,1320.7545518109819,8.65195505533748
2025-08-04,AUDUSD,,bearish,0.64808,2025-08-04 14:25:00+00:00,0.64881,0.64677,0.64585,7.3,8.549858499841827,-8.1,SL_INIT,2025-08-04 16:10:00+00:00,0.64881,2025-08,0.42,-29.086618616461895,1291.66793319452,10.663688227880105
2025-08-07,EURJPY,,bullish,171.4,2025-08-07 18:10:00+00:00,171.302,171.58100000000005,172.165,9.8,5.339455909442829,-0.5,BE,2025-08-07 22:25:00+00:00,171.405,2025-08,0.45,-1.2013775796246364,1290.4665556148952,10.746779740219464
2025-08-11,EURUSD,,bullish,1.16463,2025-08-11 13:25:00+00:00,1.16361,1.1665199999999998,1.16753,10.2,8.549858499841827,-10.7,SL_INIT,2025-08-11 14:25:00+00:00,1.16361,2025-08,0.27,-24.70054120604304,1265.7660144088522,12.45515632325169
2025-08-11,EURJPY,,bullish,171.692,2025-08-11 18:40:00+00:00,171.528,172.00500000000005,172.199,16.4,5.339455909442829,36.7,EOD,2025-08-11 23:55:00+00:00,172.069,2025-08,0.27,52.908668606668996,1318.6746830155212,8.795806119826512
2025-08-14,CN50,,bullish,14143.5,2025-08-14 20:00:00+00:00,14136.48,14157.525000000003,14359.0,702.0,0.008549858499841826,349.0,EOD,2025-08-14 23:40:00+00:00,14147.0,2025-08,4.32,12.890450663041525,1331.5651336785627,7.904257069391749
2025-08-20,JPN225,,bullish,42783.5,2025-08-20 19:45:00+00:00,42570.98,43208.525,43476.0,21252.0,0.005339455909442828,6999.0,EOD,2025-08-20 23:55:00+00:00,42853.5,2025-08,0.23,8.595295939343783,1340.1604296179064,7.309776074642762
2025-08-25,AUS200,,bullish,8966.0,2025-08-25 21:15:00+00:00,8953.98,8990.025000000003,9059.0,1202.0,0.006098565007653699,199.0,EOD,2025-08-25 23:55:00+00:00,8968.0,2025-08,3.54,4.2961951052917255,1344.456624723198,7.012636062495082
2025-08-28,EURJPY,,bearish,171.586,2025-08-28 19:15:00+00:00,171.80800000000002,171.15699999999998,171.113,22.2,5.339455909442829,-6.7,EOD,2025-08-28 23:55:00+00:00,171.643,2025-08,0.22,-7.87035801051873,1336.5862667126794,7.556977792220448
2025-09-04,EURUSD,,bullish,1.16456,2025-09-04 14:15:00+00:00,1.16373,1.16607,1.1669100000000001,8.3,8.549858499841827,-8.8,SL_INIT,2025-09-04 15:35:00+00:00,1.16373,2025-09,0.37,-27.83833927548499,1308.7479274371944,9.482375561120735
2025-09-04,US30,,bearish,45243.2,2025-09-04 13:55:00+00:00,45274.27,45181.07499999999,45149.55,3107.0,0.008549858499841826,-3109.5,SL_INIT,2025-09-04 14:15:00+00:00,45274.27,2025-09,0.98,-26.054069305152996,1282.6938581320414,11.284366923266786
2025-09-05,JPN225,,bullish,42778.5,2025-09-05 19:40:00+00:00,42590.98,43153.525,43245.0,18752.0,0.005339455909442828,13249.0,EOD,2025-09-05 23:55:00+00:00,42911.0,2025-09,0.24,16.978188322609927,1299.6720464546513,10.110095513150405
2025-09-08,AUS200,,bullish,8829.4,2025-09-08 21:45:00+00:00,8815.38,8857.425000000003,8865.6,1402.0,0.006098527815385366,499.0,EOD,2025-09-08 23:55:00+00:00,8834.4,2025-09,3.03,9.220791101028212,1308.8928375556795,9.472353066026425
2025-09-10,EURJPY,,bearish,172.654,2025-09-10 18:50:00+00:00,172.78,172.41699999999997,172.379,12.6,5.339455909442829,26.5,TRAIL,2025-09-10 23:30:00+00:00,172.379,2025-09,0.39,55.183276824091635,1364.076114379771,5.65568293257207
2025-09-17,EURUSD,,bullish,1.18373,2025-09-17 14:25:00+00:00,1.18306,1.1849199999999995,1.18729,6.7,8.549858499841827,51.4,TRAIL,2025-09-17 21:15:00+00:00,1.18892,2025-09,0.45,197.75822710134145,1561.8343414811125,0.0
2025-09-19,AUS200,,bearish,8806.2,2025-09-19 18:05:00+00:00,8827.87,8762.874999999998,8758.25,2167.0,0.006098527815385366,-2168.0,SL_INIT,2025-09-19 20:25:00+00:00,8827.87,2025-09,2.16,-28.558673936111827,1533.2756675450007,1.8285341266749904
2025-09-19,FRA40,,bullish,7860.08,2025-09-19 19:20:00+00:00,7847.009999999999,7886.205000000001,7937.85,1307.0,0.01,1484.0,EOD,2025-09-19 22:55:00+00:00,7874.93,2025-09,2.18,32.351200000000006,1565.6268675450008,0.0
2025-09-29,FRA40,,bullish,7877.95,2025-09-29 16:55:00+00:00,7869.83,7894.174999999999,7919.53,812.0,0.01,-0.5,BE,2025-09-29 18:35:00+00:00,7877.955,2025-09,3.51,-0.01755,1565.6093175450007,0.001120956746708611
2025-10-01,CN50,,bullish,15153.15,2025-10-01 13:20:00+00:00,15136.33,15186.775000000001,15199.25,1682.0,0.008549785400386449,4609.0,TRAIL,2025-10-01 16:40:00+00:00,15199.25,2025-10,1.98,78.02380260255467,1643.6331201475555,0.0
2025-10-03,EURJPY,,bearish,173.036,2025-10-03 18:45:00+00:00,173.263,172.59699999999998,172.43,22.7,5.339427399805645,-13.1,EOD,2025-10-03 23:55:00+00:00,173.157,2025-10,0.26,-18.186089723738025,1625.4470304238175,1.1064567573392117
2025-10-06,AUDUSD,,bearish,0.66143,2025-10-06 19:20:00+00:00,0.6622399999999999,0.65996,0.65848,8.1,8.54978540038645,-3.9,EOD,2025-10-06 23:55:00+00:00,0.66174,2025-10,0.45,-15.004873377678217,1610.4421570461393,2.0193656780557263
2025-10-15,EURJPY,,bearish,176.04,2025-10-15 17:00:00+00:00,176.322,175.49099999999996,175.436,28.2,5.339427399805645,9.3,EOD,2025-10-15 23:55:00+00:00,175.937,2025-10,0.21,10.427901711820425,1620.8700587579597,1.3849235033394967
2025-10-15,FRA40,,bullish,8065.28,2025-10-15 19:45:00+00:00,8050.759999999999,8094.305,8132.15,1452.0,0.01,-1453.0,SL_INIT,2025-10-15 20:00:00+00:00,8050.759999999999,2025-10,2.16,-31.384800000000002,1589.4852587579596,3.294400722755865
2025-10-16,AUDUSD,,bullish,0.64809,2025-10-16 22:25:00+00:00,0.64712,0.6498800000000001,0.65157,9.7,8.54978540038645,2.5,EOD,2025-10-16 23:55:00+00:00,0.64842,2025-10,0.38,8.122296130367127,1597.6075548883268,2.8002335007155823
2025-10-16,EURUSD,,bearish,1.16702,2025-10-16 18:25:00+00:00,1.168,1.1652100000000003,1.16427,9.8,8.54978540038645,-10.3,SL_INIT,2025-10-16 20:05:00+00:00,1.168,2025-10,0.37,-32.58323216087276,1565.024322727454,4.782624325131898
2025-10-17,JPN225,,bearish,47972.25,2025-10-17 18:10:00+00:00,48246.77,47423.225,46970.75,27452.0,0.005339427399805645,-27026.0,EOD,2025-10-17 23:55:00+00:00,48242.5,2025-10,0.19,-27.417639332357997,1537.606683395096,6.450736204618522
2025-10-22,AUS200,,bullish,9004.45,2025-10-22 22:50:00+00:00,8987.83,9037.675000000005,9047.6,1662.0,0.006098565007653699,109.0,EOD,2025-10-22 22:55:00+00:00,9005.55,2025-10,2.81,1.8679294761942515,1539.4746128712902,6.337089828593532
2025-10-22,FRA40,,bearish,8233.22,2025-10-22 13:40:00+00:00,8245.62,8208.434999999994,8188.55,1240.0,0.01,4466.0,TRAIL,2025-10-22 19:35:00+00:00,8188.55,2025-10,2.3,102.718,1642.1926128712903,0.08764165546480712
2025-10-23,AUS200,,bearish,9039.05,2025-10-23 18:05:00+00:00,9048.220000000001,9020.724999999993,8989.7,917.0,0.006098565007653699,-918.0,SL_INIT,2025-10-23 20:35:00+00:00,9048.220000000001,2025-10,5.61,-31.4074878181164,1610.785125053174,1.9984992205214651
2025-10-27,FRA40,,bullish,8219.52,2025-10-27 13:00:00+00:00,8200.63,8257.285000000005,8271.83,1889.0,0.01,1732.0,EOD,2025-10-27 22:55:00+00:00,8236.85,2025-10,1.66,28.7512,1639.5363250531739,0.2492524057931991
2025-10-28,FRA40,,bearish,8230.82,2025-10-28 14:00:00+00:00,8244.27,8203.934999999996,8203.85,1345.0,0.01,2608.0,TRAIL_EOD,2025-10-28 22:55:00+00:00,8204.73,2025-10,2.33,60.766400000000004,1700.3027250531738,0.0
2025-10-30,AUS200,,bearish,8922.6,2025-10-30 20:00:00+00:00,8929.220000000001,8909.374999999996,8872.2,662.0,0.006098490623570666,-663.0,SL_INIT,2025-10-30 20:25:00+00:00,8929.220000000001,2025-10,7.77,-31.41643543223052,1668.8862896209432,1.8476965877501688
2025-10-31,US30,,bullish,47517.1,2025-10-31 21:10:00+00:00,47474.33,47602.625,47629.55,4277.0,0.008549785400386449,15796.5,TRAIL,2025-10-31 22:40:00+00:00,47675.09,2025-10,0.86,116.1487491663959,1785.035038787339,0.0
2025-11-03,FRA40,,bullish,8106.88,2025-11-03 18:35:00+00:00,8091.48,8137.665000000001,8151.17,1540.0,0.01,59.0,EOD,2025-11-03 22:55:00+00:00,8107.48,2025-11,2.24,1.3216,1786.356638787339,0.0
2025-11-04,FRA40,,bearish,8043.95,2025-11-04 20:35:00+00:00,8072.620000000001,7986.624999999998,7793.53,2867.0,0.01,634.0,EOD,2025-11-04 22:55:00+00:00,8037.6,2025-11,1.2,7.6080000000000005,1793.964638787339,0.0
2025-11-06,JPN225,,bullish,50437.75,2025-11-06 21:25:00+00:00,50269.73,50773.775,51273.0,16802.0,0.005339427399805645,-16803.0,SL_INIT,2025-11-06 22:45:00+00:00,50269.73,2025-11,0.38,-34.09299146759501,1759.871647319744,1.9004271728923723
2025-11-07,US30,,bullish,46860.15,2025-11-07 14:10:00+00:00,46772.630000000005,47035.175,47056.35,8752.0,0.008549785400386449,-8754.5,SL_INIT,2025-11-07 14:45:00+00:00,46772.630000000005,2025-11,0.46,-34.43058429233425,1725.4410630274097,3.819672599915294
2025-11-07,CN50,,bullish,15391.55,2025-11-07 15:20:00+00:00,15370.73,15433.175000000001,15481.75,2082.0,0.008549785400386449,-2083.0,SL_INIT,2025-11-07 16:30:00+00:00,15370.73,2025-11,1.76,-31.344197260648752,1694.0968657667609,5.566875224925587
2025-11-18,AUS200,,bullish,8455.07,2025-11-18 19:35:00+00:00,8439.039999999999,8487.115000000003,8583.28,1603.0,0.006098490623570666,1509.0,EOD,2025-11-18 22:55:00+00:00,8470.17,2025-11,3.21,29.540417746607712,1723.6372835133686,3.920219705194935
2025-11-19,AUS200,,bearish,8493.8,2025-11-19 21:00:00+00:00,8515.66,8450.094999999996,8442.51,2186.0,0.006098490623570666,-207.0,EOD,2025-11-19 22:55:00+00:00,8495.86,2025-11,2.35,-2.9666107638359507,1720.6706727495327,4.085585883529488
2025-11-21,FRA40,,bearish,7978.6,2025-11-21 17:20:00+00:00,7990.290000000001,7955.235,7880.35,1169.0,0.01,-1170.0,SL_INIT,2025-11-21 18:30:00+00:00,7990.290000000001,2025-11,2.68,-31.356,1689.3146727495327,5.833446422252013
2025-11-21,JPN225,,bullish,48264.25,2025-11-21 14:15:00+00:00,48004.73,48783.275,49025.5,25952.0,0.005339427399805645,76124.0,TRAIL,2025-11-21 21:30:00+00:00,49025.5,2025-11,0.23,93.48547141804514,1782.8001441675779,0.6223363815748343
2025-11-24,JPN225,,bullish,48794.75,2025-11-24 14:10:00+00:00,48626.23,49131.775,49145.25,16852.0,0.005339427399805645,35049.0,TRAIL,2025-11-24 16:40:00+00:00,49145.25,2025-11,0.38,71.11380455559946,1853.9139487231773,0.0
2025-11-24,FRA40,,bullish,7981.97,2025-11-24 14:35:00+00:00,7955.9,8034.095000000001,8050.45,2607.0,0.01,-2608.0,SL_INIT,2025-11-24 16:50:00+00:00,7955.9,2025-11,1.32,-34.4256,1819.4883487231773,1.8569146655220723
2025-12-02,AUS200,,bearish,8592.99,2025-12-02 16:05:00+00:00,8605.0,8568.984999999997,8568.71,1201.0,0.006098490623570666,-223.0,EOD,2025-12-02 22:55:00+00:00,8595.21,2025-12,4.71,-6.405427656654978,1813.0829210665224,2.2024230242604266
2025-12-04,AUS200,,bearish,8614.53,2025-12-04 22:30:00+00:00,8638.44,8566.724999999999,8565.3,2391.0,0.006098490623570666,-902.0,EOD,2025-12-04 22:55:00+00:00,8623.54,2025-12,2.37,-13.036987345631957,1800.0459337208904,2.905637289119421
2025-12-05,EURUSD,,bullish,1.16384,2025-12-05 19:20:00+00:00,1.16256,1.1662499999999996,1.16717,12.8,8.54978540038645,4.3,EOD,2025-12-05 23:55:00+00:00,1.16432,2025-12,0.32,11.764504710931753,1811.8104384318221,2.271060656313234
2025-12-08,JPN225,,bullish,50263.25,2025-12-08 20:45:00+00:00,50185.73,50418.275,50744.0,7752.0,0.005339427399805645,-7753.0,SL_INIT,2025-12-08 20:55:00+00:00,50185.73,2025-12,0.83,-34.35916192347533,1777.4512765083468,4.124391656230412
2025-12-17,EURUSD,,bearish,1.17511,2025-12-17 18:25:00+00:00,1.176,1.1734800000000007,1.17028,8.9,8.54978540038645,10.1,EOD,2025-12-17 23:55:00+00:00,1.17405,2025-12,0.45,38.85877464475641,1816.3100511531034,2.02835183348032
2025-12-22,US30,,bullish,48153.55,2025-12-22 14:35:00+00:00,48123.93,48212.775000000016,48247.55,2962.0,0.008549785400386449,9397.5,TRAIL,2025-12-22 16:35:00+00:00,48247.55,2025-12,1.36,109.27138728817906,1925.5814384412824,0.0
2025-12-26,JPN225,,bullish,50536.75,2025-12-26 17:30:00+00:00,50398.73,50812.775,50944.0,13802.0,0.005339427399805645,15974.0,EOD,2025-12-26 23:55:00+00:00,50696.5,2025-12,0.52,44.35184690793759,1969.9332853492201,0.0
2025-12-29,AUS200,,bullish,8733.71,2025-12-29 18:45:00+00:00,8717.76,8765.595,8787.35,1595.0,0.006098602200375673,-84.0,EOD,2025-12-29 22:55:00+00:00,8732.88,2025-12,3.9,-1.9979020808430705,1967.935383268377,0.10141978389328178
2025-12-29,EURJPY,,bullish,183.705,2025-12-29 20:45:00+00:00,183.446,184.20800000000006,184.415,25.9,5.339427399805645,2.6,EOD,2025-12-29 23:55:00+00:00,183.741,2025-12,0.27,3.7482780346635636,1971.6836613030407,0.0
2026-01-02,AUS200,,bullish,8690.53,2026-01-02 20:45:00+00:00,8673.67,8724.235000000004,8743.83,1686.0,0.006098602200375673,3885.0,EOD,2026-01-02 22:55:00+00:00,8729.39,2026-01,3.69,87.42742663381551,2059.111087936856,0.0
2026-01-07,AUS200,,bullish,8695.47,2026-01-07 21:20:00+00:00,8673.449999999999,8739.495000000003,8740.16,2202.0,0.006098565007653699,303.0,EOD,2026-01-07 22:55:00+00:00,8698.51,2026-01,2.83,5.2294585084129706,2064.340546445269,0.0
2026-01-08,EURJPY,,bullish,182.766,2026-01-08 21:20:00+00:00,182.613,183.057,183.247,15.3,5.339427399805645,10.9,EOD,2026-01-08 23:55:00+00:00,182.885,2026-01,0.46,26.77188898262551,2091.1124354278945,0.0
2026-01-13,AUDUSD,,bullish,0.67021,2026-01-13 14:15:00+00:00,0.6695300000000001,0.6714199999999998,0.67167,6.8,8.54978540038645,13.8,TRAIL,2026-01-13 15:40:00+00:00,0.67167,2026-01,0.72,84.95066773823976,2176.063103166134,0.0
2026-01-14,US30,,bullish,49057.55,2026-01-14 15:10:00+00:00,48999.43,49173.775000000016,49177.85,5812.0,0.008549785400386449,12027.5,TRAIL,2026-01-14 16:40:00+00:00,49177.85,2026-01,0.84,86.37933687864432,2262.4424400447783,0.0
2026-01-26,AUDUSD,,bearish,0.69304,2026-01-26 18:45:00+00:00,0.69417,0.69093,0.69059,11.3,8.54978540038645,13.7,EOD,2026-01-26 23:55:00+00:00,0.69159,2026-01,0.43,50.36678579367657,2312.809225838455,0.0
2026-01-27,AUS200,,bearish,8965.23,2026-01-27 19:55:00+00:00,8974.140000000001,8947.424999999994,8921.0,891.0,0.006098565007653699,-892.0,SL_INIT,2026-01-27 20:20:00+00:00,8974.140000000001,2026-01,8.46,-46.021723088557266,2266.7875027498976,1.9898624830101685
2026-01-28,AUDUSD,,bullish,0.69889,2026-01-28 21:05:00+00:00,0.69748,0.7015600000000001,0.70223,14.1,8.54978540038645,36.5,TRAIL,2026-01-28 23:00:00+00:00,0.70262,2026-01,0.35,109.22350848993689,2376.0110112398347,0.0
2026-02-03,US30,,bullish,49391.35,2026-02-03 15:25:00+00:00,49351.83,49470.375,49480.35,3952.0,0.008549785400386449,-3954.5,SL_INIT,2026-02-03 16:05:00+00:00,49351.83,2026-02,1.36,-45.98177185752637,2330.0292393823083,1.9352507896641638
2026-02-06,CN50,,bearish,14924.95,2026-02-06 18:15:00+00:00,14937.37,14900.124999999998,14678.35,1242.0,0.008549785400386449,-1243.0,SL_INIT,2026-02-06 18:45:00+00:00,14937.37,2026-02,4.33,-46.01656948410594,2284.0126698982026,3.871966119114327
2026-02-06,FRA40,,bearish,8232.27,2026-02-06 15:05:00+00:00,8250.42,8195.984999999999,8172.25,1815.0,0.01,-1816.0,SL_INIT,2026-02-06 16:20:00+00:00,8250.42,2026-02,2.3,-41.768,2242.2446698982026,5.6298704302650115
2026-02-19,EURJPY,,bullish,182.313,2026-02-19 16:50:00+00:00,181.98899999999998,182.94600000000003,183.154,32.4,5.339427399805645,13.9,EOD,2026-02-19 23:55:00+00:00,182.462,2026-02,0.24,17.812329805751634,2260.0569997039543,4.880196724146243
2026-02-20,CN50,,bearish,14893.15,2026-02-20 19:25:00+00:00,14936.37,14806.724999999995,14753.35,4322.0,0.008549785400386449,-4323.0,SL_INIT,2026-02-20 20:30:00+00:00,14936.37,2026-02,1.13,-41.76561618303379,2218.2913835209206,6.638000706764986
2026-02-25,EURUSD,,bullish,1.17759,2026-02-25 16:15:00+00:00,1.17688,1.1788599999999996,1.18079,7.1,8.54978540038645,31.5,TRAIL,2026-02-25 19:05:00+00:00,1.18079,2026-02,0.69,185.82958567739945,2404.12096919832,0.0
2026-02-26,JPN225,,bullish,58631.75,2026-02-26 17:50:00+00:00,58237.73,59419.775,59871.96,39402.0,0.005339427399805645,-2951.0,EOD,2026-02-26 23:55:00+00:00,58602.25,2026-02,0.22,-3.4664630565018206,2400.6545061418183,0.1441883790755164
2026-02-27,EURJPY,,bearish,184.486,2026-02-27 23:15:00+00:00,184.568,184.33699999999993,183.698,8.2,5.339427399805645,9.4,EOD,2026-02-27 23:55:00+00:00,184.382,2026-02,1.05,52.700148436081726,2453.3546545779,0.0
2026-03-04,EURUSD,,bearish,1.16284,2026-03-04 16:15:00+00:00,1.16489,1.1588900000000006,1.15746,20.5,8.54978540038645,-7.4,EOD,2026-03-04 23:55:00+00:00,1.16353,2026-03,0.26,-16.449787110343532,2436.9048674675564,0.6705017996337647
2026-03-04,AUS200,,bearish,8950.55,2026-03-04 17:05:00+00:00,8971.41,8908.844999999996,8875.96,2086.0,0.006098639393551299,-2087.0,SL_INIT,2026-03-04 17:30:00+00:00,8971.41,2026-03,3.61,-45.94757609577303,2390.9572913717834,2.5433486793148554
2026-03-04,US30,,bearish,48542.75,2026-03-04 13:55:00+00:00,48620.77,48386.725,48212.55,7802.0,0.008549785400386449,-7804.5,SL_INIT,2026-03-04 15:10:00+00:00,48620.77,2026-03,0.69,-46.04149210854806,2344.9157992632354,4.420023624074094
2026-03-05,EURUSD,,bullish,1.15858,2026-03-05 19:05:00+00:00,1.15668,1.1622299999999997,1.16474,19.0,8.54978540038645,21.8,EOD,2026-03-05 23:55:00+00:00,1.1608100000000001,2026-03,0.28,52.18789008395889,2397.103689347194,2.292818330433509
2026-03-09,EURJPY,,bearish,183.143,2026-03-09 17:40:00+00:00,183.417,182.60999999999999,182.401,27.4,5.339427399805645,-28.4,SL_INIT,2026-03-09 20:45:00+00:00,183.417,2026-03,0.31,-47.0083188278889,2350.095370519305,4.208901630504809
2026-03-09,US30,,bearish,46967.05,2026-03-09 13:10:00+00:00,47133.07,46635.025,46301.85,16602.0,0.008549785400386449,-2.0,BE,2026-03-09 17:50:00+00:00,46967.045,2026-03,0.32,-0.005471862656247327,2350.089898656649,4.2091246664464705
2026-03-09,AUDUSD,,bearish,0.70188,2026-03-09 14:20:00+00:00,0.7035199999999999,0.69875,0.69561,16.4,8.54978540038645,-17.2,SL_INIT,2026-03-09 17:05:00+00:00,0.7035199999999999,2026-03,0.33,-48.52858193259348,2301.5613167240554,6.18717467409785
2026-03-10,FRA40,,bearish,8054.05,2026-03-10 13:20:00+00:00,8090.64,7980.885,7979.75,3659.0,0.01,-3660.0,SL_INIT,2026-03-10 14:00:00+00:00,8090.64,2026-03,1.26,-46.116,2255.4453167240554,8.066886598908583
2026-03-12,CN50,,bullish,14741.35,2026-03-12 20:00:00+00:00,14710.33,14803.375000000004,14870.95,3102.0,0.008549785400386449,-221.0,EOD,2026-03-12 23:40:00+00:00,14739.15,2026-03,1.58,-2.9854140661069404,2252.4599026579485,8.188573614706977
2026-03-16,EURJPY,,bearish,182.656,2026-03-16 16:20:00+00:00,182.79600000000002,182.39099999999996,181.867,14.0,5.339427399805645,-15.0,SL_INIT,2026-03-16 16:40:00+00:00,182.79600000000002,2026-03,0.56,-44.85119015836742,2207.608712499581,10.016731238582361
2026-03-17,US30,,bearish,46876.05,2026-03-17 13:40:00+00:00,46952.57,46723.025,46678.95,7652.0,0.008549785400386449,-7654.5,SL_INIT,2026-03-17 14:35:00+00:00,46952.57,2026-03,0.64,-41.884372702245166,2165.724339797336,11.723959854065644
2026-03-31,AUS200,,bearish,8544.12,2026-03-31 18:20:00+00:00,8557.09,8518.195,8411.42,1297.0,0.006098490623570666,-0.5,BE,2026-03-31 19:35:00+00:00,8544.115,2026-03,5.28,-0.01610001524622656,2165.70823978209,11.724616098983844
2026-04-01,FRA40,,bullish,7945.27,2026-04-01 17:10:00+00:00,7915.78,8004.2350000000015,8007.55,2949.0,0.01,4185.0,EOD,2026-04-01 22:55:00+00:00,7987.13,2026-04,1.42,59.427,2225.13523978209,9.302340954658064
2026-04-02,CN50,,bearish,14738.15,2026-04-02 21:15:00+00:00,14796.17,14622.124999999996,14574.27,5802.0,0.008549785400386449,-1296.0,EOD,2026-04-02 23:40:00+00:00,14751.1,2026-04,0.84,-9.307638378276703,2215.8276014038133,9.681725091432131
2026-04-06,CN50,,bearish,14591.09,2026-04-06 14:00:00+00:00,14611.68,14549.924999999997,14539.98,2059.0,0.008549785400386449,-2060.0,SL_INIT,2026-04-06 16:30:00+00:00,14611.68,2026-04,2.37,-41.74176228176672,2174.0858391220468,11.383140832685742
2026-04-14,EURUSD,,bearish,1.1792799999999999,2026-04-14 15:10:00+00:00,1.1800599999999999,1.1778700000000002,1.17538,7.8,8.54978540038645,-8.3,SL_INIT,2026-04-14 15:25:00+00:00,1.1800599999999999,2026-04,0.63,-44.70682785862075,2129.379011263426,13.205414174829688
2026-04-28,EURJPY,,bearish,186.815,2026-04-28 20:05:00+00:00,186.93300000000002,186.59399999999994,186.067,11.8,5.339427399805645,-12.8,SL_INIT,2026-04-28 21:45:00+00:00,186.93300000000002,2026-04,0.66,-45.107482673558096,2084.271528589868,15.04401841369864
